Date and time      ,Julian Day   ,RA (J2000),Dec (J2000),mag,phase,"dist., AU",elong.
2017-08-16 20:02:00,2457982.45972,5h14m19.9s,+18°22'22.1", -9.99, 28.94%, 0.002496, +64°57'44.0"
2017-08-17 02:02:00, 2457982.70972,    5h34m08.0s, +18°54'51.2", -9.62, 25.46%, 0.002473, +60°28'57.5"
2017-08-17 08:02:00, 2457982.95972,    5h47m28.3s, +19°36'18.7", -9.63, 23.24%, 0.002424, +57°31'57.2"
2017-08-17 14:02:00, 2457983.20972,    5h57m40.1s, +19°42'21.0", -9.23, 21.67%, 0.002438, +55°22'03.7"
2017-08-17 20:02:00, 2457983.45972,    6h14m19.1s, +19°27'21.6", -9.30, 19.08%, 0.002485, +51°41'46.8"
2017-08-18 02:02:00, 2457983.70972,    6h34m48.0s, +19°36'06.3", -8.96, 16.04%, 0.002476, +47°06'40.2"
2017-08-18 08:02:00, 2457983.95972,    6h49m36.6s, +20°00'35.1", -8.75, 14.02%, 0.002425, +43°52'37.7"
2017-08-18 14:02:00, 2457984.20972,    6h59m39.6s, +19°53'29.4", -8.55, 12.75%, 0.002428, +41°45'00.3"
2017-08-18 20:02:00, 2457984.45972,    7h15m03.3s, +19°18'20.0", -8.34, 10.83%, 0.002479, +38°20'07.6"
2017-08-19 02:02:00, 2457984.70972,    7h35m33.2s, +19°02'00.6", -7.95, 8.46%, 0.002483, +33°43'52.2"
2017-08-19 08:02:00, 2457984.95972,    7h51m32.4s, +19°06'22.3", -7.46, 6.83%, 0.002435, +30°13'41.0"
2017-08-19 14:02:00, 2457985.20972,    8h01m30.7s, +18°46'30.7", -7.37, 5.91%, 0.002427, +28°05'05.2"
2017-08-19 20:02:00, 2457985.45972,    8h15m20.4s, +17°55'08.0", -6.90, 4.69%, 0.002478, +24°57'02.6"
2017-08-20 02:02:00, 2457985.70972,    8h35m11.6s, +17°16'01.1", -6.35, 3.16%, 0.002497, +20°25'12.6"
2017-08-20 08:02:00, 2457985.95972,    8h51m57.4s, +16°59'29.9", -5.22, 2.12%, 0.002453, +16°41'24.2"
2017-08-20 14:02:00, 2457986.20972,    9h01m55.9s, +16°27'35.8", -5.26, 1.60%, 0.002435, +14°28'58.7"
2017-08-20 20:02:00, 2457986.45972,    9h14m04.9s, +15°25'14.4", -4.23, 1.03%, 0.002484, +11°37'58.5"
2017-08-21 02:02:00, 2457986.70972,    9h32m47.2s, +14°28'36.5", -2.99, 0.40%, 0.002516, +7°16'25.6"
2017-08-21 08:02:00, 2457986.95972,    9h49m56.1s, +13°53'06.6", 2.51, 0.09%, 0.002479, +3°28'13.4"
2017-08-21 14:02:00, 2457987.20972,   10h00m00.8s, +13°10'17.0", 2.34, 0.02%, 0.002452, +1°24'01.4"
2017-08-21 20:02:00, 2457987.45972,   10h10m35.4s, +12°02'09.8", 3.43, 0.02%, 0.002497, +1°39'16.2"
2017-08-22 02:02:00, 2457987.70972,   10h27m52.0s, +10°54'52.1", -2.19, 0.25%, 0.002540, +5°43'31.5"
2017-08-22 08:02:00, 2457987.95972,   10h45m06.1s, +10°04'26.2", -2.81, 0.73%, 0.002512, +9°48'21.0"
2017-08-22 14:02:00, 2457988.20972,   10h55m24.3s, +9°12'14.6", -4.70, 1.14%, 0.002478, +12°14'02.9"
2017-08-22 20:02:00, 2457988.45972,   11h04m39.7s, +8°02'33.8", -4.17, 1.60%, 0.002516, +14°29'50.7"
2017-08-23 02:02:00, 2457988.70972,   11h20m26.2s, +6°51'29.7", -5.94, 2.55%, 0.002568, +18°20'26.8"
2017-08-23 08:02:00, 2457988.95972,   11h37m34.7s, +5°51'22.8", -6.25, 3.81%, 0.002550, +22°28'16.5"
2017-08-23 14:02:00, 2457989.20972,   11h48m14.5s, +4°51'49.2", -6.99, 4.73%, 0.002510, +25°03'37.2"
2017-08-23 20:02:00, 2457989.45972,   11h56m30.1s, +3°43'24.3", -6.97, 5.53%, 0.002540, +27°07'29.0"
2017-08-24 02:02:00, 2457989.70972,   12h10m50.4s, +2°34'24.2", -7.55, 7.02%, 0.002598, +30°38'32.2"
2017-08-24 08:02:00, 2457989.95972,   12h27m48.5s, +1°30'08.7", -7.79, 8.97%, 0.002590, +34°45'58.7"
2017-08-24 14:02:00, 2457990.20972,   12h38m58.3s, +0°25'36.7", -8.24, 10.39%, 0.002546, +37°30'50.5"
2017-08-24 20:02:00, 2457990.45972,   12h46m34.4s, -0°39'56.8", -8.29, 11.43%, 0.002566, +39°25'13.1"
2017-08-25 02:02:00, 2457990.70972,   12h59m36.9s, -1°42'35.4", -8.54, 13.26%, 0.002627, +42°36'03.7"
2017-08-25 08:02:00, 2457990.95972,   13h16m23.4s, -2°45'48.3", -8.76, 15.76%, 0.002629, +46°40'17.5"
2017-08-25 14:02:00, 2457991.20972,   13h28m11.3s, -3°52'36.1", -9.06, 17.65%, 0.002584, +49°34'38.5"
2017-08-25 20:02:00, 2457991.45972,   13h35m27.7s, -4°54'32.4", -9.16, 18.87%, 0.002593, +51°22'45.9"
2017-08-26 02:02:00, 2457991.70972,   13h47m22.3s, -5°48'05.6", -9.21, 20.86%, 0.002654, +54°13'57.9"
2017-08-26 08:02:00, 2457991.95972,   14h03m57.4s, -6°45'47.0", -9.45, 23.76%, 0.002665, +58°12'48.0"
2017-08-26 14:02:00, 2457992.20972,   14h16m30.8s, -7°51'53.9", -9.64, 26.07%, 0.002619, +61°16'27.2"
2017-08-26 20:02:00, 2457992.45972,   14h23m45.9s, -8°49'49.3", -9.79, 27.43%, 0.002617, +63°01'42.8"
2017-08-27 02:02:00, 2457992.70972,   14h34m42.4s, -9°32'51.8", -9.63, 29.44%, 0.002675, +65°34'45.6"
2017-08-27 08:02:00, 2457992.95972,   14h51m06.1s, -10°21'21.7", -9.97, 32.56%, 0.002695, +69°26'40.1"
2017-08-27 14:02:00, 2457993.20972,   15h04m31.1s, -11°23'41.5", -10.06, 35.21%, 0.002651, +72°39'21.9"
2017-08-27 20:02:00, 2457993.45972,   15h12m01.9s, -12°17'11.5", -10.28, 36.69%, 0.002637, +74°25'05.7"
2017-08-28 02:02:00, 2457993.70972,   15h22m09.2s, -12°49'15.4", -9.66, 38.63%, 0.002690, +76°42'07.3"
2017-08-28 08:02:00, 2457993.95972,   15h38m20.0s, -13°25'43.2", -10.38, 41.82%, 0.002717, +80°26'07.2"
2017-08-28 14:02:00, 2457994.20972,   15h52m40.3s, -14°21'04.9", -10.31, 44.72%, 0.002676, +83°47'34.3"
2017-08-28 20:02:00, 2457994.45972,   16h00m42.1s, -15°09'27.0", -10.67, 46.31%, 0.002652, +85°36'57.2"
2017-08-29 02:02:00, 2457994.70972,   16h10m08.6s, -15°30'41.4", -2.91, 48.11%, 0.002697, +87°40'31.2"
2017-08-29 08:02:00, 2457994.95972,   16h26m02.6s, -15°53'04.4", -10.72, 51.24%, 0.002730, +91°16'01.7"
2017-08-29 14:02:00, 2457995.20972,   16h41m18.6s, -16°38'19.1", -10.26, 54.29%, 0.002693, +94°45'54.3"
2017-08-29 20:02:00, 2457995.45972,   16h50m04.6s, -17°20'23.2", -10.99, 55.96%, 0.002659, +96°41'55.1"
2017-08-30 02:02:00, 2457995.70972,   16h58m57.7s, -17°31'17.0", -10.29, 57.59%, 0.002696, +98°34'51.1"
2017-08-30 08:02:00, 2457995.95972,   17h14m28.4s, -17°38'20.3", -11.00, 60.55%, 0.002734, +102°01'33.0"
2017-08-30 14:02:00, 2457996.20972,   17h30m36.3s, -18°10'31.8", -7.09, 63.62%, 0.002702, +105°39'25.9"
2017-08-30 20:02:00, 2457996.45972,   17h40m17.1s, -18°44'38.6", -11.25, 65.36%, 0.002660, +107°44'49.5"
2017-08-31 02:02:00, 2457996.70972,   17h48m44.0s, -18°45'46.8", -11.01, 66.81%, 0.002686, +109°30'08.0"
2017-08-31 08:02:00, 2457996.95972,   18h03m42.5s, -18°37'05.9", -11.23, 69.49%, 0.002728, +112°47'50.0"
2017-08-31 14:02:00, 2457997.20972,   18h20m33.6s, -18°53'46.5", -10.29, 72.46%, 0.002703, +116°33'07.3"
2017-08-31 20:02:00, 2457997.45972,   18h31m16.0s, -19°17'53.7", -11.47, 74.22%, 0.002654, +118°50'21.9"
2017-09-01 02:02:00, 2457997.70972,   18h39m24.4s, -19°09'47.2", -11.37, 75.49%, 0.002669, +120°31'11.4"
2017-09-01 08:02:00, 2457997.95972,   18h53m40.5s, -18°45'50.4", -11.42, 77.81%, 0.002713, +123°39'45.8"
2017-09-01 14:02:00, 2457998.20972,   19h11m01.9s, -18°45'20.4", -11.22, 80.54%, 0.002696, +127°31'33.8"
2017-09-01 20:02:00, 2457998.45972,   19h22m48.5s, -18°57'18.5", -11.65, 82.25%, 0.002642, +130°02'46.2"
2017-09-02 02:02:00, 2457998.70972,   19h30m46.3s, -18°40'17.0", -11.63, 83.34%, 0.002646, +131°42'21.7"
2017-09-02 08:02:00, 2457998.95972,   19h44m10.8s, -18°02'25.0", -11.56, 85.23%, 0.002691, +134°41'42.2"
2017-09-02 14:02:00, 2457999.20972,   20h01m46.5s, -17°44'12.3", -11.57, 87.59%, 0.002683, +138°38'42.7"
2017-09-02 20:02:00, 2457999.45972,   20h14m36.1s, -17°42'06.3", -11.79, 89.14%, 0.002626, +141°25'30.3"
2017-09-03 02:02:00, 2457999.70972,   20h22m32.3s, -17°16'15.6", -11.83, 90.04%, 0.002618, +143°07'12.0"
2017-09-03 08:02:00, 2457999.95972,   20h34m58.2s, -16°26'35.8", -11.63, 91.47%, 0.002663, +145°57'15.2"
2017-09-03 14:02:00, 2458000.20972,   20h52m31.8s, -15°51'29.8", -11.78, 93.32%, 0.002665, +149°57'38.2"
2017-09-03 20:02:00, 2458000.45972,   21h06m20.1s, -15°34'04.9", -11.87, 94.58%, 0.002608, +153°00'54.9"
2017-09-04 02:02:00, 2458000.70972,   21h14m24.5s, -14°59'18.8", -11.98, 95.27%, 0.002589, +154°48'04.7"
2017-09-04 08:02:00, 2458000.95972,   21h25m49.5s, -14°00'31.5", -11.56, 96.21%, 0.002632, +157°28'56.1"
2017-09-04 14:02:00, 2458001.20972,   21h43m06.1s, -13°10'47.6", -11.93, 97.43%, 0.002643, +161°30'07.8"
2017-09-04 20:02:00, 2458001.45972,   21h57m47.6s, -12°37'52.7", -11.86, 98.26%, 0.002588, +164°49'24.6"
2017-09-05 02:02:00, 2458001.70972,   22h06m11.0s, -11°54'01.2", -12.08, 98.68%, 0.002559, +166°45'14.3"
2017-09-05 08:02:00, 2458001.95972,   22h16m37.6s, -10°49'00.9", -10.93, 99.13%, 0.002598, +169°17'19.9"
2017-09-05 14:02:00, 2458002.20972,   22h33m25.9s, -9°48'12.8", -12.02, 99.65%, 0.002619, +173°14'05.8"
2017-09-05 20:02:00, 2458002.45972,   22h48m55.4s, -9°00'57.8", -11.57, 99.91%, 0.002570, +176°34'48.3"
2017-09-06 02:02:00, 2458002.70972,   22h57m49.6s, -8°08'01.5", -12.14, 99.98%, 0.002531, +178°16'55.7"
2017-09-06 08:02:00, 2458002.95972,   23h07m25.2s, -6°59'37.3", -7.36, 99.97%, 0.002565, +178°07'58.9"
2017-09-06 14:02:00, 2458003.20972,   23h23m37.8s, -5°52'17.4", -12.05, 99.76%, 0.002596, +174°24'55.2"
2017-09-06 20:02:00, 2458003.45972,   23h39m51.6s, -4°53'21.2", -5.16, 99.32%, 0.002553, +170°31'11.4"
2017-09-07 02:02:00, 2458003.70972,   23h49m29.3s, -3°51'49.9", -12.13, 98.95%, 0.002507, +168°13'01.9"
2017-09-07 08:02:00, 2458003.95972,   23h58m25.3s, -2°42'29.9", -11.40, 98.53%, 0.002534, +166°01'38.8"
2017-09-07 14:02:00, 2458004.20972,    0h13m58.9s, -1°33'42.6", -12.03, 97.62%, 0.002573, +162°12'51.9"
2017-09-07 20:02:00, 2458004.45972,    0h30m54.5s, -0°27'09.9", -11.47, 96.40%, 0.002540, +158°04'40.4"
2017-09-08 02:02:00, 2458004.70972,    0h41m29.4s, +0°41'36.7", -12.07, 95.51%, 0.002488, +155°28'04.7"
2017-09-08 08:02:00, 2458004.95972,    0h50m00.3s, +1°49'52.5", -11.75, 94.71%, 0.002507, +153°21'05.6"
2017-09-08 14:02:00, 2458005.20972,    1h04m53.9s, +2°55'01.9", -11.95, 93.21%, 0.002552, +149°42'52.6"
2017-09-08 20:02:00, 2458005.45972,    1h22m29.7s, +4°03'54.2", -11.76, 91.21%, 0.002530, +145°24'57.4"
2017-09-09 02:02:00, 2458005.70972,    1h34m15.6s, +5°17'28.8", -11.94, 89.72%, 0.002475, +142°30'15.7"
2017-09-09 08:02:00, 2458005.95972,    1h42m38.3s, +6°23'04.6", -11.78, 88.60%, 0.002484, +140°26'32.3"
2017-09-09 14:02:00, 2458006.20972,    1h56m52.3s, +7°19'59.9", -11.82, 86.64%, 0.002533, +137°01'26.7"
2017-09-09 20:02:00, 2458006.45972,    2h15m05.7s, +8°25'07.1", -11.72, 83.93%, 0.002523, +132°37'28.0"
2017-09-10 02:02:00, 2458006.70972,    2h28m15.5s, +9°39'44.9", -11.73, 81.82%, 0.002467, +129°24'29.6"
2017-09-10 08:02:00, 2458006.95972,    2h36m48.5s, +10°41'15.2", -11.69, 80.42%, 0.002466, +127°21'25.4"
2017-09-10 14:02:00, 2458007.20972,    2h50m23.0s, +11°26'14.4", -11.62, 78.18%, 0.002516, +124°11'02.0"
2017-09-10 20:02:00, 2458007.45972,    3h09m07.9s, +12°21'18.2", -11.57, 74.90%, 0.002518, +119°44'58.2"
2017-09-11 02:02:00, 2458007.70972,    3h23m51.1s, +13°32'00.3", -11.41, 72.20%, 0.002465, +116°14'14.6"
2017-09-11 08:02:00, 2458007.95972,    3h32m53.1s, +14°27'49.6", -11.50, 70.55%, 0.002453, +114°08'41.1"
2017-09-11 14:02:00, 2458008.20972,    3h45m47.2s, +14°58'22.6", -11.32, 68.21%, 0.002501, +111°13'33.2"
2017-09-11 20:02:00, 2458008.45972,    4h04m51.6s, +15°37'34.7", -11.34, 64.59%, 0.002516, +106°49'26.4"
2017-09-12 02:02:00, 2458008.70972,    4h21m10.9s, +16°38'31.2", -10.79, 61.40%, 0.002467, +103°02'17.6"
2017-09-12 08:02:00, 2458008.95972,    4h30m59.1s, +17°26'35.4", -11.23, 59.53%, 0.002445, +100°50'57.0"
2017-09-12 14:02:00, 2458009.20972,    4h43m10.6s, +17°41'32.4", -10.87, 57.23%, 0.002489, +98°10'32.9"
2017-09-12 20:02:00, 2458009.45972,    5h02m14.8s, +18°00'24.6", -11.03, 53.50%, 0.002515, +93°52'15.5"
2017-09-13 02:02:00, 2458009.70972,    5h20m02.4s, +18°45'41.3", -4.05, 49.99%, 0.002473, +89°50'49.1"
2017-09-13 08:02:00, 2458009.95972,    5h30m49.5s, +19°23'22.6", -10.87, 47.95%, 0.002442, +87°30'34.5"
2017-09-13 14:02:00, 2458010.20972,    5h42m15.7s, +19°22'50.7", -9.77, 45.81%, 0.002479, +85°03'21.7"
2017-09-13 20:02:00, 2458010.45972,    6h00m53.1s, +19°19'04.5", -10.63, 42.22%, 0.002515, +80°54'26.4"
2017-09-14 02:02:00, 2458010.70972,    6h19m49.2s, +19°43'48.9", -9.92, 38.61%, 0.002483, +76°41'34.3"
2017-09-14 08:02:00, 2458010.95972,    6h31m40.8s, +20°08'12.3", -10.40, 36.47%, 0.002443, +74°09'49.4"
2017-09-14 14:02:00, 2458011.20972,    6h42m20.7s, +19°53'21.0", -8.11, 34.57%, 0.002472, +71°53'24.8"
2017-09-14 20:02:00, 2458011.45972,    7h00m01.7s, +19°27'18.9", -10.12, 31.34%, 0.002516, +67°56'56.7"
2017-09-15 02:02:00, 2458011.70972,    7h19m36.7s, +19°28'47.5", -9.74, 27.87%, 0.002495, +63°36'10.8"
2017-09-15 08:02:00, 2458011.95972,    7h32m30.2s, +19°37'18.2", -9.80, 25.74%, 0.002450, +60°51'08.1"
2017-09-15 14:02:00, 2458012.20972,    7h42m26.4s, +19°09'54.5", -9.34, 24.12%, 0.002469, +58°42'32.6"
2017-09-15 20:02:00, 2458012.45972,    7h58m45.6s, +18°24'36.2", -9.47, 21.42%, 0.002519, +55°01'02.2"
2017-09-16 02:02:00, 2458012.70972,    8h18m25.7s, +18°02'57.8", -9.15, 18.34%, 0.002510, +50°36'28.8"
2017-09-16 08:02:00, 2458012.95972,    8h32m12.4s, +17°54'05.2", -9.01, 16.37%, 0.002463, +47°37'25.2"
2017-09-16 14:02:00, 2458013.20972,    8h41m32.0s, +17°16'05.9", -8.80, 15.05%, 0.002471, +45°33'20.6"
2017-09-16 20:02:00, 2458013.45972,    8h56m13.6s, +16°16'24.2", -8.62, 12.98%, 0.002524, +42°08'36.9"
2017-09-17 02:02:00, 2458013.70972,    9h15m29.1s, +15°34'38.2", -8.27, 10.51%, 0.002528, +37°44'51.2"
2017-09-17 08:02:00, 2458013.95972,    9h29m57.4s, +15°08'27.1", -7.93, 8.85%, 0.002480, +34°32'23.3"
2017-09-17 14:02:00, 2458014.20972,    9h38m51.7s, +14°21'39.8", -7.81, 7.86%, 0.002478, +32°29'31.3"
2017-09-17 20:02:00, 2458014.45972,    9h51m52.0s, +13°13'12.2", -7.41, 6.46%, 0.002533, +29°22'36.6"
2017-09-18 02:02:00, 2458014.70972,   10h10m21.3s, +12°16'25.1", -6.97, 4.74%, 0.002549, +25°04'49.0"
2017-09-18 08:02:00, 2458014.95972,   10h25m20.8s, +11°34'43.5", -6.29, 3.56%, 0.002504, +21°41'34.0"
2017-09-18 14:02:00, 2458015.20972,   10h34m03.4s, +10°40'40.7", -6.22, 2.92%, 0.002491, +19°37'05.8"
2017-09-18 20:02:00, 2458015.45972,   10h45m29.0s, +9°28'44.0", -5.46, 2.15%, 0.002544, +16°48'29.3"
2017-09-19 02:02:00, 2458015.70972,   11h03m00.2s, +8°23'06.3", -4.77, 1.24%, 0.002572, +12°44'47.1"
2017-09-19 08:02:00, 2458015.95972,   11h18m23.4s, +7°29'09.7", -3.19, 0.67%, 0.002532, +9°22'12.3"
2017-09-19 14:02:00, 2458016.20972,   11h27m08.6s, +6°29'16.6", -3.02, 0.41%, 0.002509, +7°19'14.1"
2017-09-19 20:02:00, 2458016.45972,   11h37m12.5s, +5°18'04.1", -0.89, 0.19%, 0.002559, +5°00'21.8"
2017-09-20 02:02:00, 2458016.70972,   11h53m41.4s, +4°09'48.3", -0.27, 0.08%, 0.002598, +3°12'18.1"
2017-09-20 08:02:00, 2458016.95972,   12h09m24.0s, +3°07'51.9", 1.44, 0.20%, 0.002564, +5°08'52.7"
2017-09-20 14:02:00, 2458017.20972,   12h18m25.7s, +2°03'38.1", -2.79, 0.36%, 0.002533, +6°49'36.4"
2017-09-20 20:02:00, 2458017.45972,   12h27m24.0s, +0°56'03.9", -1.00, 0.59%, 0.002577, +8°45'14.6"
2017-09-21 02:02:00, 2458017.70972,   12h42m51.4s, -0°09'20.4", -4.65, 1.18%, 0.002624, +12°25'22.1"
2017-09-21 08:02:00, 2458017.95972,   12h58m51.3s, -1°14'33.0", -4.12, 2.01%, 0.002598, +16°16'19.9"
2017-09-21 14:02:00, 2458018.20972,   13h08m22.2s, -2°21'22.7", -6.01, 2.61%, 0.002561, +18°32'39.5"
2017-09-21 20:02:00, 2458018.45972,   13h16m32.1s, -3°23'37.3", -5.90, 3.18%, 0.002596, +20°29'27.9"
2017-09-22 02:02:00, 2458018.70972,   13h31m00.9s, -4°21'49.3", -6.74, 4.34%, 0.002649, +23°58'41.2"
2017-09-22 08:02:00, 2458018.95972,   13h47m17.1s, -5°25'33.3", -6.80, 5.85%, 0.002632, +27°54'59.2"
2017-09-22 14:02:00, 2458019.20972,   13h57m28.8s, -6°32'53.6", -7.57, 6.90%, 0.002590, +30°22'59.4"
2017-09-22 20:02:00, 2458019.45972,   14h05m06.7s, -7°29'01.7", -7.58, 7.72%, 0.002616, +32°11'22.4"
2017-09-23 02:02:00, 2458019.70972,   14h18m40.7s, -8°16'57.8", -7.94, 9.29%, 0.002673, +35°23'51.7"
2017-09-23 08:02:00, 2458019.95972,   14h35m11.8s, -9°14'49.0", -8.09, 11.39%, 0.002665, +39°20'44.2"
2017-09-23 14:02:00, 2458020.20972,   14h46m13.9s, -10°20'13.5", -8.56, 12.89%, 0.002619, +41°59'05.7"
2017-09-23 20:02:00, 2458020.45972,   14h53m35.8s, -11°09'59.1", -8.61, 13.90%, 0.002634, +43°40'52.0"
2017-09-24 02:02:00, 2458020.70972,   15h06m18.1s, -11°45'49.4", -8.75, 15.72%, 0.002692, +46°36'21.1"
2017-09-24 08:02:00, 2458020.95972,   15h23m01.3s, -12°33'58.3", -8.94, 18.29%, 0.002693, +50°31'29.3"
2017-09-24 14:02:00, 2458021.20972,   15h35m01.2s, -13°34'42.9", -9.26, 20.23%, 0.002645, +53°20'05.0"
2017-09-24 20:02:00, 2458021.45972,   15h42m22.0s, -14°17'59.6", -9.35, 21.39%, 0.002649, +54°58'11.8"
2017-09-25 02:02:00, 2458021.70972,   15h54m15.2s, -14°40'57.4", -9.30, 23.32%, 0.002705, +57°37'32.7"
2017-09-25 08:02:00, 2458021.95972,   16h11m05.3s, -15°16'18.4", -9.57, 26.24%, 0.002714, +61°29'18.7"
2017-09-25 14:02:00, 2458022.20972,   16h24m07.5s, -16°09'28.8", -9.78, 28.56%, 0.002667, +64°28'12.0"
2017-09-25 20:02:00, 2458022.45972,   16h31m41.0s, -16°46'02.0", -9.92, 29.85%, 0.002659, +66°05'52.8"
2017-09-26 02:02:00, 2458022.70972,   16h42m46.9s, -16°56'09.8", -9.59, 31.80%, 0.002711, +68°30'36.9"
2017-09-26 08:02:00, 2458022.95972,   16h59m36.0s, -17°16'28.1", -10.06, 34.92%, 0.002728, +72°17'50.1"
2017-09-26 14:02:00, 2458023.20972,   17h13m41.2s, -17°59'09.4", -10.16, 37.57%, 0.002682, +75°27'05.4"
2017-09-26 20:02:00, 2458023.45972,   17h21m40.0s, -18°28'24.5", -10.38, 38.99%, 0.002662, +77°07'37.2"
2017-09-27 02:02:00, 2458023.70972,   17h32m00.4s, -18°26'20.1", -8.93, 40.87%, 0.002708, +79°19'43.8"
2017-09-27 08:02:00, 2458023.95972,   17h48m38.1s, -18°30'16.1", -10.46, 44.06%, 0.002733, +83°01'32.6"
2017-09-27 14:02:00, 2458024.20972,   18h03m43.0s, -18°59'46.3", -10.37, 46.95%, 0.002689, +86°21'12.5"
2017-09-27 20:02:00, 2458024.45972,   18h12m17.9s, -19°20'44.3", -10.76, 48.50%, 0.002659, +88°07'50.3"
2017-09-28 02:02:00, 2458024.70972,   18h21m55.3s, -19°07'26.5", -8.70, 50.27%, 0.002697, +90°09'39.1"
2017-09-28 08:02:00, 2458024.95972,   18h38m09.3s, -18°54'39.7", -10.80, 53.41%, 0.002728, +93°45'24.4"
2017-09-28 14:02:00, 2458025.20972,   18h54m06.3s, -19°08'45.0", -10.13, 56.45%, 0.002689, +97°15'24.8"
2017-09-28 20:02:00, 2458025.45972,   19h03m26.0s, -19°20'04.5", -11.08, 58.11%, 0.002648, +99°11'18.4"
2017-09-29 02:02:00, 2458025.70972,   19h12m24.6s, -18°56'40.3", -10.63, 59.75%, 0.002678, +101°05'26.1"
2017-09-29 08:02:00, 2458025.95972,   19h28m02.5s, -18°27'49.9", -11.09, 62.71%, 0.002713, +104°34'33.9"
2017-09-29 14:02:00, 2458026.20972,   19h44m40.9s, -18°25'02.3", -6.22, 65.77%, 0.002680, +108°14'38.2"
2017-09-29 20:02:00, 2458026.45972,   19h54m51.6s, -18°25'08.8", -11.35, 67.53%, 0.002631, +110°22'47.6"
2017-09-30 02:02:00, 2458026.70972,   20h03m17.8s, -17°52'41.1", -11.16, 69.01%, 0.002650, +112°12'05.5"
2017-09-30 08:02:00, 2458026.95972,   20h18m08.8s, -17°09'24.1", -11.33, 71.69%, 0.002690, +115°34'01.7"
2017-09-30 14:02:00, 2458027.20972,   20h35m16.2s, -16°49'16.5", -10.89, 74.64%, 0.002664, +119°23'31.1"
2017-09-30 20:02:00, 2458027.45972,   20h46m22.1s, -16°36'38.3", -11.57, 76.43%, 0.002609, +121°46'40.1"
2017-10-01 02:02:00, 2458027.70972,   20h54m25.0s, -15°55'57.6", -11.50, 77.74%, 0.002617, +123°34'13.3"
2017-10-01 08:02:00, 2458027.95972,   21h08m21.4s, -15°00'40.4", -11.53, 80.04%, 0.002660, +126°48'19.8"
2017-10-01 14:02:00, 2458028.20972,   21h25m45.3s, -14°23'59.4", -11.46, 82.72%, 0.002642, +130°46'01.8"
2017-10-01 20:02:00, 2458028.45972,   21h37m49.3s, -13°57'28.5", -11.76, 84.45%, 0.002583, +133°26'24.6"
2017-10-02 02:02:00, 2458028.70972,   21h45m40.5s, -13°09'08.8", -11.75, 85.58%, 0.002580, +135°15'30.8"
2017-10-02 08:02:00, 2458028.95972,   21h58m38.8s, -12°04'55.4", -11.69, 87.42%, 0.002624, +138°21'05.0"
2017-10-02 14:02:00, 2458029.20972,   22h16m08.3s, -11°13'48.9", -11.75, 89.67%, 0.002616, +142°24'56.8"
2017-10-02 20:02:00, 2458029.45972,   22h29m12.6s, -10°33'04.7", -11.89, 91.20%, 0.002556, +145°23'55.5"
2017-10-03 02:02:00, 2458029.70972,   22h37m05.9s, -9°37'27.2", -11.95, 92.11%, 0.002542, +147°18'00.8"
2017-10-03 08:02:00, 2458029.95972,   22h49m07.2s, -8°27'43.7", -11.77, 93.44%, 0.002586, +150°14'15.6"
2017-10-03 14:02:00, 2458030.20972,   23h06m33.9s, -7°25'41.1", -11.94, 95.10%, 0.002589, +154°20'50.7"
2017-10-03 20:02:00, 2458030.45972,   23h20m40.8s, -6°31'35.1", -11.94, 96.26%, 0.002530, +157°37'56.8"
2017-10-04 02:02:00, 2458030.70972,   23h28m52.0s, -5°29'00.5", -12.10, 96.90%, 0.002505, +159°40'18.7"
2017-10-04 08:02:00, 2458030.95972,   23h40m01.2s, -4°17'17.4", -11.73, 97.68%, 0.002547, +162°26'04.4"
2017-10-04 14:02:00, 2458031.20972,   23h57m19.0s, -3°09'01.8", -12.07, 98.62%, 0.002562, +166°27'33.6"
2017-10-04 20:02:00, 2458031.45972,    0h12m31.2s, -2°03'58.2", -11.80, 99.23%, 0.002507, +169°53'28.5"
2017-10-05 02:02:00, 2458031.70972,    0h21m17.5s, -0°55'07.4", -12.18, 99.52%, 0.002473, +172°02'33.9"
2017-10-05 08:02:00, 2458031.95972,    0h31m42.9s, +0°15'17.0", -11.22, 99.76%, 0.002512, +174°24'28.5"
2017-10-05 14:02:00, 2458032.20972,    0h48m47.2s, +1°24'07.6", -12.13, 99.90%, 0.002537, +176°24'51.5"
2017-10-05 20:02:00, 2458032.45972,    1h05m07.3s, +2°36'00.6", -9.95, 99.79%, 0.002490, +174°46'56.9"
2017-10-06 02:02:00, 2458032.70972,    1h14m47.0s, +3°49'40.5", -12.21, 99.64%, 0.002448, +173°04'28.2"
2017-10-06 08:02:00, 2458032.95972,    1h24m39.3s, +4°55'54.5", -6.10, 99.38%, 0.002481, +170°57'48.5"
2017-10-06 14:02:00, 2458033.20972,    1h41m25.6s, +5°59'18.4", -12.13, 98.73%, 0.002516, +167°00'30.7"
2017-10-06 20:02:00, 2458033.45972,    1h58m54.4s, +7°12'14.3", -11.32, 97.78%, 0.002479, +162°49'42.4"
2017-10-07 02:02:00, 2458033.70972,    2h09m45.2s, +8°28'06.2", -12.16, 97.08%, 0.002432, +160°15'38.3"
2017-10-07 08:02:00, 2458033.95972,    2h19m17.0s, +9°27'51.2", -11.42, 96.39%, 0.002457, +158°02'01.6"
2017-10-07 14:02:00, 2458034.20972,    2h35m39.2s, +10°20'04.9", -12.07, 95.02%, 0.002500, +154°09'26.7"
2017-10-07 20:02:00, 2458034.45972,    2h54m13.2s, +11°27'08.1", -11.83, 93.21%, 0.002476, +149°43'34.9"
2017-10-08 02:02:00, 2458034.70972,    3h06m30.5s, +12°41'12.4", -12.04, 91.88%, 0.002425, +146°49'03.6"
2017-10-08 08:02:00, 2458034.95972,    3h15m55.2s, +13°32'40.7", -11.76, 90.83%, 0.002441, +144°40'03.0"
2017-10-08 14:02:00, 2458035.20972,    3h31m44.1s, +14°09'06.3", -11.94, 88.92%, 0.002490, +141°01'24.4"
2017-10-08 20:02:00, 2458035.45972,    3h51m12.4s, +15°03'06.1", -11.82, 86.31%, 0.002479, +136°28'42.4"
2017-10-09 02:02:00, 2458035.70972,    4h05m05.8s, +16°10'11.1", -11.83, 84.34%, 0.002428, +133°16'17.2"
2017-10-09 08:02:00, 2458035.95972,    4h14m36.4s, +16°51'55.6", -11.73, 82.99%, 0.002433, +131°10'28.5"
2017-10-09 14:02:00, 2458036.20972,    4h29m39.4s, +17°09'43.1", -11.74, 80.73%, 0.002485, +127°48'31.6"
2017-10-09 20:02:00, 2458036.45972,    4h49m41.5s, +17°44'26.1", -11.67, 77.50%, 0.002487, +123°14'38.0"
2017-10-10 02:02:00, 2458036.70972,    5h05m10.6s, +18°38'48.5", -11.51, 74.92%, 0.002438, +119°45'59.5"
2017-10-10 08:02:00, 2458036.95972,    5h14m58.6s, +19°09'30.1", -11.57, 73.32%, 0.002433, +117°40'30.3"
2017-10-10 14:02:00, 2458037.20972,    5h29m01.3s, +19°08'01.2", -11.45, 70.92%, 0.002484, +114°36'17.2"
2017-10-10 20:02:00, 2458037.45972,    5h49m07.1s, +19°19'25.5", -11.44, 67.30%, 0.002499, +110°06'15.7"
2017-10-11 02:02:00, 2458037.70972,    6h05m59.5s, +19°55'55.4", -10.91, 64.22%, 0.002455, +106°23'28.6"
2017-10-11 08:02:00, 2458037.95972,    6h16m13.1s, +20°14'16.8", -11.32, 62.42%, 0.002438, +104°15'03.8"
2017-10-11 14:02:00, 2458038.20972,    6h29m03.1s, +19°55'00.1", -11.03, 60.06%, 0.002487, +101°28'11.1"
2017-10-11 20:02:00, 2458038.45972,    6h48m37.7s, +19°42'05.9", -11.13, 56.31%, 0.002514, +97°06'26.2"
2017-10-12 02:02:00, 2458038.70972,    7h06m30.4s, +19°57'15.4", -6.60, 52.92%, 0.002476, +93°12'03.4"
2017-10-12 08:02:00, 2458038.95972,    7h17m14.0s, +20°02'07.8", -10.98, 50.96%, 0.002450, +90°57'34.3"
2017-10-12 14:02:00, 2458039.20972,    7h28m45.3s, +19°28'01.4", -10.11, 48.76%, 0.002492, +88°26'26.0"
2017-10-12 20:02:00, 2458039.45972,    7h47m16.4s, +18°52'55.6", -10.74, 45.14%, 0.002530, +84°16'35.1"
2017-10-13 02:02:00, 2458039.70972,    8h05m41.1s, +18°45'44.8", -9.86, 41.63%, 0.002500, +80°13'31.3"
2017-10-13 08:02:00, 2458039.95972,    8h16m56.0s, +18°36'22.5", -10.54, 39.58%, 0.002465, +77°50'17.0"
2017-10-13 14:02:00, 2458040.20972,    8h27m11.5s, +17°50'59.6", -7.47, 37.63%, 0.002499, +75°32'22.0"
2017-10-13 20:02:00, 2458040.45972,    8h44m16.1s, +16°58'12.6", -10.27, 34.35%, 0.002546, +71°37'12.4"
2017-10-14 02:02:00, 2458040.70972,    9h02m46.5s, +16°30'14.9", -9.85, 30.96%, 0.002526, +67°28'39.3"
2017-10-14 08:02:00, 2458040.95972,    9h14m32.3s, +16°06'32.1", -9.99, 28.90%, 0.002484, +64°54'41.6"
2017-10-14 14:02:00, 2458041.20972,    9h23m43.1s, +15°13'10.4", -9.50, 27.23%, 0.002509, +62°46'53.1"
2017-10-14 20:02:00, 2458041.45972,    9h39m10.6s, +14°08'25.8", -9.68, 24.45%, 0.002562, +59°08'24.1"
2017-10-15 02:02:00, 2458041.70972,    9h57m26.4s, +13°23'18.1", -9.35, 21.38%, 0.002552, +54°57'47.2"
2017-10-15 08:02:00, 2458041.95972,   10h09m42.9s, +12°46'00.5", -9.30, 19.43%, 0.002506, +52°12'01.9"
2017-10-15 14:02:00, 2458042.20972,   10h18m05.6s, +11°47'14.4", -9.07, 18.06%, 0.002520, +50°10'56.3"
2017-10-15 20:02:00, 2458042.45972,   10h31m56.1s, +10°36'21.2", -8.93, 15.87%, 0.002577, +46°50'22.3"
2017-10-16 02:02:00, 2458042.70972,   10h49m45.1s, +9°38'58.2", -8.61, 13.31%, 0.002578, +42°41'23.2"
2017-10-16 08:02:00, 2458042.95972,   11h02m33.1s, +8°49'47.2", -8.41, 11.60%, 0.002530, +39°43'51.7"
2017-10-16 14:02:00, 2458043.20972,   11h10m26.2s, +7°47'24.8", -8.26, 10.52%, 0.002534, +37°46'05.3"
2017-10-16 20:02:00, 2458043.45972,   11h22m47.6s, +6°35'29.4", -7.92, 8.95%, 0.002592, +34°44'03.7"
2017-10-17 02:02:00, 2458043.70972,   11h40m03.8s, +5°31'19.4", -7.57, 7.03%, 0.002604, +30°40'57.7"
2017-10-17 08:02:00, 2458043.95972,   11h53m25.2s, +4°32'49.4", -7.17, 5.70%, 0.002557, +27°33'16.1"
2017-10-17 14:02:00, 2458044.20972,   12h01m07.3s, +3°28'06.6", -7.05, 4.93%, 0.002550, +25°35'45.5"
2017-10-17 20:02:00, 2458044.45972,   12h12m11.2s, +2°19'08.7", -6.47, 3.95%, 0.002607, +22°52'43.1"
2017-10-18 02:02:00, 2458044.70972,   12h28m52.9s, +1°13'38.3", -6.03, 2.75%, 0.002629, +19°02'03.3"
2017-10-18 08:02:00, 2458044.95972,   12h42m50.2s, +0°09'09.1", -5.25, 1.91%, 0.002585, +15°50'19.9"
2017-10-18 14:02:00, 2458045.20972,   12h50m38.8s, -0°56'50.8", -5.07, 1.46%, 0.002568, +13°52'01.6"
2017-10-18 20:02:00, 2458045.45972,   13h00m38.2s, -2°00'03.3", -3.90, 1.01%, 0.002622, +11°31'57.0"
2017-10-19 02:02:00, 2458045.70972,   13h16m45.3s, -3°01'55.7", -3.34, 0.53%, 0.002653, +8°20'46.5"
2017-10-19 08:02:00, 2458045.95972,   13h31m20.9s, -4°08'31.2", -1.82, 0.28%, 0.002614, +6°02'19.2"
2017-10-19 14:02:00, 2458046.20972,   13h39m31.9s, -5°14'38.6", -1.70, 0.19%, 0.002588, +4°55'07.6"
2017-10-19 20:02:00, 2458046.45972,   13h48m39.6s, -6°10'23.6", 3.97, 0.18%, 0.002636, +4°47'12.5"
2017-10-20 02:02:00, 2458046.70972,   14h04m12.3s, -7°04'25.2", -2.73, 0.37%, 0.002676, +6°57'11.9"
2017-10-20 08:02:00, 2458046.95972,   14h19m27.4s, -8°08'56.8", -2.03, 0.75%, 0.002643, +9°55'49.2"
2017-10-20 14:02:00, 2458047.20972,   14h28m14.9s, -9°13'43.3", -4.49, 1.04%, 0.002610, +11°39'30.6"
2017-10-20 20:02:00, 2458047.45972,   14h36m43.1s, -10°01'11.3", -4.22, 1.38%, 0.002650, +13°26'19.5"
2017-10-21 02:02:00, 2458047.70972,   14h51m40.4s, -10°44'06.7", -5.57, 2.16%, 0.002696, +16°50'51.3"
2017-10-21 08:02:00, 2458047.95972,   15h07m34.2s, -11°42'24.3", -3.87, 3.18%, 0.002670, +20°30'02.8"
2017-10-21 14:02:00, 2458048.20972,   15h17m09.8s, -12°43'57.2", -6.62, 3.87%, 0.002631, +22°37'56.8"
2017-10-21 20:02:00, 2458048.45972,   15h25m10.1s, -13°22'54.8", -6.59, 4.48%, 0.002661, +24°22'11.1"
2017-10-22 02:02:00, 2458048.70972,   15h39m29.4s, -13°52'32.3", -7.14, 5.73%, 0.002712, +27°37'26.6"
2017-10-22 08:02:00, 2458048.95972,   15h55m57.8s, -14°40'44.7", -7.02, 7.36%, 0.002695, +31°24'09.4"
2017-10-22 14:02:00, 2458049.20972,   16h06m30.5s, -15°36'47.8", -7.88, 8.47%, 0.002650, +33°44'56.4"
2017-10-22 20:02:00, 2458049.45972,   16h14m13.6s, -16°07'20.9", -7.90, 9.28%, 0.002670, +35°23'12.1"
2017-10-23 02:02:00, 2458049.70972,   16h27m50.8s, -16°22'33.3", -8.14, 10.88%, 0.002723, +38°24'54.8"
2017-10-23 08:02:00, 2458049.95972,   16h44m46.1s, -16°57'25.9", -8.25, 13.04%, 0.002714, +42°14'12.4"
2017-10-23 14:02:00, 2458050.20972,   16h56m21.4s, -17°45'27.5", -8.74, 14.57%, 0.002666, +44°46'35.7"
2017-10-23 20:02:00, 2458050.45972,   17h03m57.9s, -18°07'45.7", -8.81, 15.56%, 0.002675, +46°20'53.8"
2017-10-24 02:02:00, 2458050.70972,   17h16m47.8s, -18°08'25.8", -8.85, 17.37%, 0.002727, +49°08'49.5"
2017-10-24 08:02:00, 2458050.95972,   17h33m58.9s, -18°27'35.7", -9.06, 19.98%, 0.002727, +52°58'24.0"
2017-10-24 14:02:00, 2458051.20972,   17h46m38.0s, -19°05'01.4", -9.38, 21.92%, 0.002677, +55°42'25.8"
2017-10-24 20:02:00, 2458051.45972,   17h54m17.9s, -19°19'05.3", -9.49, 23.06%, 0.002674, +57°15'42.8"
2017-10-25 02:02:00, 2458051.70972,   18h06m16.0s, -19°05'57.3", -9.33, 24.98%, 0.002724, +59°50'37.2"
2017-10-25 08:02:00, 2458051.95972,   18h23m28.9s, -19°08'04.3", -9.67, 27.92%, 0.002733, +63°38'55.2"
2017-10-25 14:02:00, 2458052.20972,   18h37m09.3s, -19°32'31.6", -9.87, 30.24%, 0.002683, +66°34'55.2"
2017-10-25 20:02:00, 2458052.45972,   18h45m02.2s, -19°38'05.1", -10.03, 31.53%, 0.002667, +68°10'26.3"
2017-10-26 02:02:00, 2458052.70972,   18h56m05.5s, -19°12'30.4", -9.48, 33.48%, 0.002713, +70°33'38.2"
2017-10-26 08:02:00, 2458052.95972,   19h13m05.4s, -18°57'21.8", -10.16, 36.62%, 0.002729, +74°19'28.5"
2017-10-26 14:02:00, 2458053.20972,   19h27m41.1s, -19°06'56.6", -10.21, 39.28%, 0.002680, +77°27'49.5"
2017-10-26 20:02:00, 2458053.45972,   19h35m56.3s, -19°03'23.5", -10.48, 40.72%, 0.002653, +79°08'58.6"
2017-10-27 02:02:00, 2458053.70972,   19h46m05.3s, -18°27'04.3", -7.09, 42.63%, 0.002693, +81°22'12.3"
2017-10-27 08:02:00, 2458053.95972,   20h02m38.3s, -17°55'34.0", -10.57, 45.84%, 0.002716, +85°04'35.1"
2017-10-27 14:02:00, 2458054.20972,   20h18m01.4s, -17°49'03.4", -10.35, 48.76%, 0.002671, +88°25'35.6"
2017-10-27 20:02:00, 2458054.45972,   20h26m47.8s, -17°35'31.1", -10.86, 50.36%, 0.002633, +90°15'50.8"
2017-10-28 02:02:00, 2458054.70972,   20h36m06.6s, -16°50'12.9", -9.65, 52.19%, 0.002665, +92°21'12.0"
2017-10-28 08:02:00, 2458054.95972,   20h52m01.7s, -16°04'13.6", -10.92, 55.35%, 0.002695, +95°59'11.9"
2017-10-28 14:02:00, 2458055.20972,   21h08m04.0s, -15°41'18.1", -8.94, 58.42%, 0.002653, +99°32'57.7"
2017-10-28 20:02:00, 2458055.45972,   21h17m30.5s, -15°16'45.3", -11.19, 60.18%, 0.002606, +101°35'46.2"
2017-10-29 02:02:00, 2458055.70972,   21h26m07.4s, -14°24'03.1", -10.82, 61.88%, 0.002629, +103°35'41.0"
2017-10-29 08:02:00, 2458055.95972,   21h41m17.4s, -13°26'16.3", -11.22, 64.86%, 0.002664, +107°08'19.5"
2017-10-29 14:02:00, 2458056.20972,   21h57m51.8s, -12°47'38.3", -10.22, 67.96%, 0.002630, +110°54'32.8"
2017-10-29 20:02:00, 2458056.45972,   22h08m07.5s, -12°11'10.7", -11.47, 69.82%, 0.002575, +113°13'12.2"
2017-10-30 02:02:00, 2458056.70972,   22h16m14.4s, -11°12'19.8", -11.31, 71.38%, 0.002588, +115°10'26.9"
2017-10-30 08:02:00, 2458056.95972,   22h30m36.3s, -10°06'04.3", -11.47, 74.04%, 0.002628, +118°36'37.2"
2017-10-30 14:02:00, 2458057.20972,   22h47m37.6s, -9°13'36.8", -11.31, 77.01%, 0.002601, +122°34'21.0"
2017-10-30 20:02:00, 2458057.45972,   22h58m52.0s, -8°24'48.2", -11.70, 78.90%, 0.002541, +125°11'45.2"
2017-10-31 02:02:00, 2458057.70972,   23h06m43.9s, -7°20'44.0", -11.64, 80.28%, 0.002544, +127°09'25.3"
2017-10-31 08:02:00, 2458057.95972,   23h20m18.3s, -6°09'45.0", -11.69, 82.52%, 0.002586, +130°27'48.4"
2017-10-31 14:02:00, 2458058.20972,   23h37m43.3s, -5°06'39.3", -11.69, 85.16%, 0.002569, +134°35'05.7"
2017-10-31 20:02:00, 2458058.45972,   23h50m06.9s, -4°05'59.3", -11.87, 86.95%, 0.002507, +137°33'19.2"
2017-11-01 02:02:00, 2458058.70972,   23h58m01.4s, -2°57'26.4", -11.89, 88.12%, 0.002499, +139°34'45.7"
2017-11-01 08:02:00, 2458058.95972,    0h10m51.7s, -1°45'43.4", -11.85, 89.84%, 0.002543, +142°43'47.9"
2017-11-01 14:02:00, 2458059.20972,    0h28m38.2s, -0°36'34.1", -11.93, 91.95%, 0.002538, +146°57'06.8"
2017-11-01 20:02:00, 2458059.45972,    0h42m21.8s, +0°34'00.4", -11.97, 93.45%, 0.002476, +150°16'36.3"
2017-11-02 02:02:00, 2458059.70972,    0h50m38.7s, +1°46'09.1", -12.08, 94.34%, 0.002458, +152°25'13.3"
2017-11-02 08:02:00, 2458059.95972,    1h02m50.2s, +2°54'35.8", -11.93, 95.48%, 0.002502, +155°22'49.7"
2017-11-02 14:02:00, 2458060.20972,    1h20m55.6s, +4°03'56.1", -12.09, 96.88%, 0.002508, +159°35'09.6"
2017-11-02 20:02:00, 2458060.45972,    1h36m09.1s, +5°20'33.5", -11.93, 97.87%, 0.002451, +163°11'38.4"
2017-11-03 02:02:00, 2458060.70972,    1h45m09.8s, +6°34'49.1", -12.21, 98.41%, 0.002423, +165°29'23.4"
2017-11-03 08:02:00, 2458060.95972,    1h56m48.6s, +7°36'15.6", -11.87, 98.94%, 0.002465, +168°09'07.5"
2017-11-03 14:02:00, 2458061.20972,    2h15m07.5s, +8°38'59.3", -12.19, 99.49%, 0.002484, +171°49'10.8"
2017-11-03 20:02:00, 2458061.45972,    2h31m57.3s, +9°55'43.6", -11.08, 99.78%, 0.002434, +174°33'28.6"
2017-11-04 02:02:00, 2458061.70972,    2h42m03.1s, +11°09'31.8", -12.26, 99.86%, 0.002399, +175°38'39.9"
2017-11-04 08:02:00, 2458061.95972,    2h53m15.2s, +12°00'49.5", -11.23, 99.81%, 0.002436, +174°59'34.8"
2017-11-04 14:02:00, 2458062.20972,    3h11m36.4s, +12°50'02.6", -12.21, 99.48%, 0.002467, +171°41'31.7"
2017-11-04 20:02:00, 2458062.45972,    3h30m01.2s, +13°59'18.8", -11.00, 98.88%, 0.002428, +167°50'14.4"
2017-11-05 02:02:00, 2458062.70972,    3h41m30.2s, +15°08'42.1", -12.23, 98.40%, 0.002387, +165°26'34.3"
2017-11-05 08:02:00, 2458062.95972,    3h52m20.7s, +15°47'34.6", -9.12, 97.85%, 0.002417, +163°06'39.8"
2017-11-05 14:02:00, 2458063.20972,    4h10m25.2s, +16°17'29.6", -12.16, 96.70%, 0.002458, +159°01'41.6"
2017-11-05 20:02:00, 2458063.45972,    4h30m11.3s, +17°11'14.3", -11.89, 95.17%, 0.002432, +154°33'37.2"
2017-11-06 02:02:00, 2458063.70972,    4h43m13.6s, +18°11'05.3", -12.12, 94.06%, 0.002387, +151°42'45.5"
2017-11-06 08:02:00, 2458063.95972,    4h53m46.5s, +18°36'16.2", -11.65, 93.10%, 0.002408, +149°27'39.1"
2017-11-06 14:02:00, 2458064.20972,    5h11m07.7s, +18°43'30.8", -12.04, 91.29%, 0.002457, +145°35'55.9"
2017-11-06 20:02:00, 2458064.45972,    5h31m46.2s, +19°15'00.0", -11.91, 88.90%, 0.002446, +140°59'04.2"
2017-11-07 02:02:00, 2458064.70972,    5h46m19.4s, +19°59'54.8", -11.93, 87.12%, 0.002399, +137°50'30.1"
2017-11-07 08:02:00, 2458064.95972,    5h56m37.9s, +20°11'03.5", -11.78, 85.83%, 0.002410, +135°41'05.9"
2017-11-07 14:02:00, 2458065.20972,    6h12m46.6s, +19°55'31.0", -11.85, 83.61%, 0.002464, +132°07'55.9"
2017-11-07 20:02:00, 2458065.45972,    6h33m36.8s, +20°01'05.8", -11.77, 80.52%, 0.002467, +127°30'43.8"
2017-11-08 02:02:00, 2458065.70972,    6h49m25.4s, +20°26'44.4", -11.62, 78.13%, 0.002422, +124°07'26.8"
2017-11-08 08:02:00, 2458065.95972,    6h59m32.6s, +20°24'11.3", -11.66, 76.60%, 0.002422, +122°01'04.9"
2017-11-08 14:02:00, 2458066.20972,    7h14m05.5s, +19°48'51.3", -11.57, 74.19%, 0.002476, +118°48'09.2"
2017-11-08 20:02:00, 2458066.45972,    7h34m24.3s, +19°28'50.2", -11.54, 70.66%, 0.002493, +114°16'42.4"
2017-11-09 02:02:00, 2458066.70972,    7h51m03.8s, +19°33'04.3", -11.12, 67.77%, 0.002452, +110°41'14.8"
2017-11-09 08:02:00, 2458066.95972,    8h01m04.3s, +19°17'33.4", -11.43, 66.04%, 0.002440, +108°34'36.4"
2017-11-09 14:02:00, 2458067.20972,    8h13m50.6s, +18°27'20.8", -11.17, 63.64%, 0.002493, +105°41'41.0"
2017-11-09 20:02:00, 2458067.45972,    8h33m03.2s, +17°45'31.3", -11.25, 59.96%, 0.002523, +101°20'41.1"
2017-11-10 02:02:00, 2458067.70972,    8h50m08.5s, +17°28'47.8", -9.48, 56.73%, 0.002486, +97°35'38.0"
2017-11-10 08:02:00, 2458067.95972,    9h00m08.7s, +17°01'13.1", -11.11, 54.85%, 0.002464, +95°25'27.4"
2017-11-10 14:02:00, 2458068.20972,    9h11m12.3s, +16°01'24.8", -10.37, 52.61%, 0.002512, +92°50'52.1"
2017-11-10 20:02:00, 2458068.45972,    9h28m58.1s, +15°03'39.6", -10.88, 49.02%, 0.002552, +88°43'43.6"
2017-11-11 02:02:00, 2458068.70972,    9h46m09.6s, +14°28'35.3", -9.03, 45.65%, 0.002522, +84°51'41.6"
2017-11-11 08:02:00, 2458068.95972,    9h56m17.6s, +13°49'57.8", -10.71, 43.67%, 0.002491, +82°35'07.7"
2017-11-11 14:02:00, 2458069.20972,   10h05m53.1s, +12°45'01.5", -6.24, 41.67%, 0.002532, +80°16'12.6"
2017-11-11 20:02:00, 2458069.45972,   10h22m05.9s, +11°37'47.3", -10.44, 38.38%, 0.002581, +76°25'11.7"
2017-11-12 02:02:00, 2458069.70972,   10h39m11.6s, +10°48'23.0", -9.86, 35.07%, 0.002559, +72°28'46.3"
2017-11-12 08:02:00, 2458069.95972,   10h49m36.4s, +9°59'55.0", -10.22, 33.06%, 0.002520, +70°03'34.9"
2017-11-12 14:02:00, 2458070.20972,   10h58m04.0s, +8°53'00.3", -9.67, 31.34%, 0.002552, +67°57'04.9"
2017-11-12 20:02:00, 2458070.45972,   11h12m47.3s, +7°42'13.0", -9.91, 28.50%, 0.002606, +64°23'31.4"
2017-11-13 02:02:00, 2458070.70972,   11h29m42.1s, +6°43'10.7", -9.53, 25.42%, 0.002593, +60°25'17.6"
2017-11-13 08:02:00, 2458070.95972,   11h40m33.0s, +5°46'24.3", -9.62, 23.47%, 0.002549, +57°49'58.3"
2017-11-13 14:02:00, 2458071.20972,   11h48m14.5s, +4°39'27.9", -9.36, 22.04%, 0.002571, +55°52'23.2"
2017-11-13 20:02:00, 2458071.45972,   12h01m37.2s, +3°30'01.2", -9.26, 19.73%, 0.002628, +52°36'53.5"
2017-11-14 02:02:00, 2458071.70972,   12h18m20.3s, +2°26'14.1", -8.94, 17.05%, 0.002625, +48°39'31.3"
2017-11-14 08:02:00, 2458071.95972,   12h29m46.4s, +1°23'09.5", -8.88, 15.27%, 0.002577, +45°53'22.0"
2017-11-14 14:02:00, 2458072.20972,   12h37m02.5s, +0°17'17.3", -8.70, 14.11%, 0.002588, +44°01'11.6"
2017-11-14 20:02:00, 2458072.45972,   12h49m15.3s, -0°47'05.3", -8.44, 12.36%, 0.002647, +41°03'51.9"
2017-11-15 02:02:00, 2458072.70972,   13h05m47.7s, -1°50'50.4", -8.12, 10.21%, 0.002653, +37°10'18.4"
2017-11-15 08:02:00, 2458072.95972,   13h17m57.4s, -2°57'40.1", -7.90, 8.70%, 0.002605, +34°13'35.9"
2017-11-15 14:02:00, 2458073.20972,   13h25m07.2s, -4°01'47.3", -7.77, 7.82%, 0.002605, +32°23'31.5"
2017-11-15 20:02:00, 2458073.45972,   13h36m20.5s, -4°58'28.4", -7.32, 6.62%, 0.002663, +29°44'17.1"
2017-11-16 02:02:00, 2458073.70972,   13h52m43.3s, -5°57'43.7", -6.98, 5.08%, 0.002678, +25°58'30.6"
2017-11-16 08:02:00, 2458073.95972,   14h05m43.6s, -7°05'12.4", -6.54, 3.96%, 0.002631, +22°53'17.6"
2017-11-16 14:02:00, 2458074.20972,   14h13m04.3s, -8°06'55.6", -6.39, 3.35%, 0.002621, +21°02'35.5"
2017-11-16 20:02:00, 2458074.45972,   14h23m27.3s, -8°54'15.8", -5.60, 2.65%, 0.002675, +18°42'19.3"
2017-11-17 02:02:00, 2458074.70972,   14h39m39.6s, -9°45'02.4", -5.25, 1.76%, 0.002699, +15°13'13.4"
2017-11-17 08:02:00, 2458074.95972,   14h53m35.1s, -10°49'36.9", -4.38, 1.13%, 0.002656, +12°09'32.8"
2017-11-17 14:02:00, 2458075.20972,   15h01m22.2s, -11°48'02.8", -4.09, 0.82%, 0.002636, +10°20'10.7"
2017-11-17 20:02:00, 2458075.45972,   15h11m02.6s, -12°25'10.7", -1.82, 0.56%, 0.002685, +8°31'40.0"
2017-11-18 02:02:00, 2458075.70972,   15h27m01.0s, -13°04'09.8", -2.40, 0.31%, 0.002717, +6°21'13.5"
2017-11-18 08:02:00, 2458075.95972,   15h41m52.7s, -14°02'03.1", -1.53, 0.23%, 0.002678, +5°29'14.7"
2017-11-18 14:02:00, 2458076.20972,   15h50m19.2s, -14°55'54.0", -2.08, 0.24%, 0.002649, +5°34'13.9"
2017-11-18 20:02:00, 2458076.45972,   15h59m23.7s, -15°22'36.5", -1.09, 0.34%, 0.002692, +6°40'29.0"
2017-11-19 02:02:00, 2458076.70972,   16h15m01.4s, -15°47'21.9", -3.70, 0.69%, 0.002730, +9°31'52.9"
2017-11-19 08:02:00, 2458076.95972,   16h30m45.9s, -16°34'51.5", -3.02, 1.21%, 0.002698, +12°36'59.0"
2017-11-19 14:02:00, 2458077.20972,   16h40m01.8s, -17°22'24.5", -5.15, 1.57%, 0.002661, +14°21'45.7"
2017-11-19 20:02:00, 2458077.45972,   16h48m36.1s, -17°38'56.0", -5.11, 1.97%, 0.002695, +16°05'09.4"
2017-11-20 02:02:00, 2458077.70972,   17h03m43.7s, -17°48'04.0", -5.99, 2.85%, 0.002739, +19°22'20.8"
2017-11-20 08:02:00, 2458077.95972,   17h20m12.4s, -18°21'55.4", -4.24, 3.97%, 0.002714, +22°55'29.2"
2017-11-20 14:02:00, 2458078.20972,   17h30m24.2s, -19°01'08.4", -6.93, 4.71%, 0.002671, +25°00'02.3"
2017-11-20 20:02:00, 2458078.45972,   17h38m34.1s, -19°07'59.4", -6.95, 5.34%, 0.002694, +26°39'31.4"
2017-11-21 02:02:00, 2458078.70972,   17h53m00.2s, -19°01'14.8", -7.35, 6.65%, 0.002742, +29°48'27.6"
2017-11-21 08:02:00, 2458078.95972,   18h10m00.2s, -19°19'03.7", -7.27, 8.35%, 0.002725, +33°30'08.8"
2017-11-21 14:02:00, 2458079.20972,   18h21m10.2s, -19°47'48.9", -8.06, 9.50%, 0.002677, +35°48'18.6"
2017-11-21 20:02:00, 2458079.45972,   18h29m01.9s, -19°45'33.8", -8.11, 10.33%, 0.002690, +37°23'42.5"
2017-11-22 02:02:00, 2458079.70972,   18h42m35.9s, -19°23'46.6", -8.27, 11.96%, 0.002738, +40°21'23.0"
2017-11-22 08:02:00, 2458079.95972,   18h59m51.0s, -19°24'16.3", -8.42, 14.17%, 0.002730, +44°07'13.3"
2017-11-22 14:02:00, 2458080.20972,   19h11m57.9s, -19°40'36.3", -8.87, 15.74%, 0.002679, +46°38'28.7"
2017-11-22 20:02:00, 2458080.45972,   19h19m38.8s, -19°29'42.1", -8.96, 16.75%, 0.002680, +48°12'17.4"
2017-11-23 02:02:00, 2458080.70972,   19h32m12.7s, -18°54'35.3", -8.94, 18.60%, 0.002728, +50°58'25.9"
2017-11-23 08:02:00, 2458080.95972,   19h49m26.5s, -18°37'43.8", -9.21, 21.25%, 0.002728, +54°46'10.6"
2017-11-23 14:02:00, 2458081.20972,   20h02m26.3s, -18°40'06.5", -9.48, 23.24%, 0.002675, +57°30'58.4"
2017-11-23 20:02:00, 2458081.45972,   20h10m05.3s, -18°20'44.9", -9.62, 24.43%, 0.002664, +59°06'19.5"
2017-11-24 02:02:00, 2458081.70972,   20h21m35.7s, -17°34'34.4", -9.40, 26.40%, 0.002710, +61°41'28.8"
2017-11-24 08:02:00, 2458081.95972,   20h38m33.6s, -17°01'30.6", -9.81, 29.37%, 0.002718, +65°29'31.7"
2017-11-24 14:02:00, 2458082.20972,   20h52m21.5s, -16°49'01.2", -9.95, 31.77%, 0.002665, +68°28'31.5"
2017-11-24 20:02:00, 2458082.45972,   21h00m09.1s, -16°21'04.5", -10.15, 33.14%, 0.002642, +70°08'50.7"
2017-11-25 02:02:00, 2458082.70972,   21h10m37.7s, -15°26'16.8", -9.49, 35.15%, 0.002684, +72°34'04.8"
2017-11-25 08:02:00, 2458082.95972,   21h27m09.2s, -14°39'09.5", -10.30, 38.33%, 0.002700, +76°21'05.3"
2017-11-25 14:02:00, 2458083.20972,   21h41m41.4s, -14°11'38.3", -10.25, 41.09%, 0.002648, +79°34'55.6"
2017-11-25 20:02:00, 2458083.45972,   21h49m49.3s, -13°34'42.2", -10.61, 42.65%, 0.002614, +81°23'50.0"
2017-11-26 02:02:00, 2458083.70972,   21h59m22.9s, -12°33'34.8", -6.60, 44.63%, 0.002650, +83°40'39.3"
2017-11-26 08:02:00, 2458083.95972,   22h15m21.9s, -11°35'19.0", -10.71, 47.89%, 0.002673, +87°25'21.9"
2017-11-26 14:02:00, 2458084.20972,   22h30m36.4s, -10°53'27.1", -10.07, 50.93%, 0.002625, +90°54'29.2"
2017-11-26 20:02:00, 2458084.45972,   22h39m17.9s, -10°07'00.5", -10.99, 52.68%, 0.002581, +92°55'42.4"
2017-11-27 02:02:00, 2458084.70972,   22h48m07.6s, -9°01'29.7", -9.74, 54.58%, 0.002609, +95°06'02.3"
2017-11-27 08:02:00, 2458084.95972,   23h03m32.3s, -7°55'34.5", -11.07, 57.77%, 0.002639, +98°47'08.2"
2017-11-27 14:02:00, 2458085.20972,   23h19m29.5s, -7°01'02.5", -7.84, 60.97%, 0.002596, +102°31'35.2"
2017-11-27 20:02:00, 2458085.45972,   23h28m59.5s, -6°04'44.7", -11.33, 62.90%, 0.002544, +104°48'47.9"
2017-11-28 02:02:00, 2458085.70972,   23h37m19.6s, -4°56'22.2", -10.94, 64.67%, 0.002563, +106°54'59.3"
2017-11-28 08:02:00, 2458085.95972,   23h52m11.4s, -3°46'43.1", -11.38, 67.64%, 0.002599, +110°30'59.3"
2017-11-28 14:02:00, 2458086.20972,    0h08m53.8s, -2°42'21.3", -11.07, 70.84%, 0.002564, +114°30'07.6"
2017-11-28 20:02:00, 2458086.45972,    0h19m28.8s, -1°36'29.1", -11.60, 72.89%, 0.002505, +117°06'42.5"
2017-11-29 02:02:00, 2458086.70972,    0h27m36.6s, -0°26'27.5", -11.44, 74.48%, 0.002515, +119°11'31.3"
2017-11-29 08:02:00, 2458086.95972,    0h41m58.6s, +0°42'39.9", -11.64, 77.09%, 0.002555, +122°40'40.8"
2017-11-29 14:02:00, 2458087.20972,    0h59m29.5s, +1°52'38.1", -11.59, 80.09%, 0.002530, +126°52'49.0"
2017-11-29 20:02:00, 2458087.45972,    1h11m27.4s, +3°06'35.9", -11.82, 82.12%, 0.002468, +129°51'26.5"
2017-11-30 02:02:00, 2458087.70972,    1h19m42.3s, +4°17'08.1", -11.77, 83.50%, 0.002467, +131°58'00.6"
2017-11-30 08:02:00, 2458087.95972,    1h33m38.2s, +5°21'16.0", -11.85, 85.61%, 0.002510, +135°18'17.0"
2017-11-30 14:02:00, 2458088.20972,    1h51m59.6s, +6°31'06.1", -11.89, 88.17%, 0.002497, +139°40'12.1"
2017-11-30 20:02:00, 2458088.45972,    2h05m38.0s, +7°49'51.8", -11.97, 90.00%, 0.002435, +143°02'12.1"
2017-12-01 02:02:00, 2458088.70972,    2h14m21.7s, +8°59'25.2", -12.02, 91.11%, 0.002424, +145°13'53.3"
2017-12-01 08:02:00, 2458088.95972,    2h27m53.5s, +9°54'09.2", -11.99, 92.61%, 0.002468, +148°22'51.1"
2017-12-01 14:02:00, 2458089.20972,    2h47m02.7s, +10°56'45.6", -12.09, 94.50%, 0.002469, +152°48'54.9"
2017-12-01 20:02:00, 2458089.45972,    3h02m35.7s, +12°14'46.5", -11.98, 95.89%, 0.002411, +156°33'03.1"
2017-12-02 02:02:00, 2458089.70972,    3h12m10.3s, +13°21'02.6", -12.19, 96.66%, 0.002390, +158°52'57.8"
2017-12-02 08:02:00, 2458089.95972,    3h25m17.5s, +14°02'27.6", -12.04, 97.50%, 0.002433, +161°46'43.9"
2017-12-02 14:02:00, 2458090.20972,    3h45m02.2s, +14°50'08.4", -12.21, 98.54%, 0.002447, +166°03'52.2"
2017-12-02 20:02:00, 2458090.45972,    4h02m34.3s, +15°59'48.0", -11.48, 99.24%, 0.002397, +169°57'12.0"
2017-12-03 02:02:00, 2458090.70972,    4h13m19.2s, +16°59'17.5", -12.28, 99.56%, 0.002367, +172°20'15.6"
2017-12-03 08:02:00, 2458090.95972,    4h25m57.0s, +17°24'34.3", -11.84, 99.76%, 0.002407, +174°24'51.0"
2017-12-03 14:02:00, 2458091.20972,    4h45m51.7s, +17°50'29.0", -12.26, 99.84%, 0.002435, +175°27'14.9"
2017-12-03 20:02:00, 2458091.45972,    5h05m11.0s, +18°43'19.5", -10.29, 99.66%, 0.002395, +173°19'50.0"
2017-12-04 02:02:00, 2458091.70972,    5h17m17.4s, +19°31'31.1", -12.28, 99.43%, 0.002359, +171°19'03.7"
2017-12-04 08:02:00, 2458091.95972,    5h29m18.2s, +19°39'29.6", -8.96, 99.07%, 0.002393, +168°53'46.2"
2017-12-04 14:02:00, 2458092.20972,    5h48m44.3s, +19°39'33.8", -12.23, 98.24%, 0.002433, +164°41'48.3"
2017-12-04 20:02:00, 2458092.45972,    6h09m18.5s, +20°08'28.0", -11.90, 97.09%, 0.002406, +160°17'44.6"
2017-12-05 02:02:00, 2458092.70972,    6h22m44.6s, +20°40'41.7", -12.20, 96.22%, 0.002366, +157°31'49.9"
2017-12-05 08:02:00, 2458092.95972,    6h34m00.7s, +20°32'02.0", -11.44, 95.39%, 0.002391, +155°09'25.4"
2017-12-05 14:02:00, 2458093.20972,    6h52m14.8s, +20°06'22.9", -12.12, 93.81%, 0.002441, +151°07'14.9"
2017-12-05 20:02:00, 2458093.45972,    7h13m16.5s, +20°07'50.9", -11.97, 91.74%, 0.002429, +146°31'12.2"
2017-12-06 02:02:00, 2458093.70972,    7h27m47.5s, +20°20'41.5", -12.03, 90.22%, 0.002386, +143°28'04.0"
2017-12-06 08:02:00, 2458093.95972,    7h38m16.3s, +19°57'27.7", -11.83, 89.03%, 0.002402, +141°14'07.1"
2017-12-06 14:02:00, 2458094.20972,    7h54m43.1s, +19°10'18.8", -11.94, 86.94%, 0.002457, +137°32'00.1"
2017-12-06 20:02:00, 2458094.45972,    8h15m23.3s, +18°45'29.0", -11.86, 84.12%, 0.002461, +132°56'00.0"
2017-12-07 02:02:00, 2458094.70972,    8h30m37.6s, +18°37'50.0", -11.76, 81.98%, 0.002417, +129°39'28.4"
2017-12-07 08:02:00, 2458094.95972,    8h40m23.8s, +18°02'39.8", -11.76, 80.53%, 0.002423, +127°31'19.5"
2017-12-07 14:02:00, 2458095.20972,    8h54m46.7s, +17°00'39.6", -11.68, 78.19%, 0.002481, +124°11'37.0"
2017-12-07 20:02:00, 2458095.45972,    9h14m28.2s, +16°14'28.9", -11.65, 74.87%, 0.002498, +119°42'22.3"
2017-12-08 02:02:00, 2458095.70972,    9h30m05.6s, +15°47'41.7", -11.38, 72.21%, 0.002457, +116°14'56.4"
2017-12-08 08:02:00, 2458095.95972,    9h39m21.1s, +15°03'00.2", -11.56, 70.56%, 0.002451, +114°09'09.5"
2017-12-08 14:02:00, 2458096.20972,    9h51m42.5s, +13°53'00.5", -11.31, 68.19%, 0.002509, +111°11'46.0"
2017-12-08 20:02:00, 2458096.45972,   10h10m05.6s, +12°52'20.9", -11.37, 64.65%, 0.002538, +106°53'54.7"
2017-12-09 02:02:00, 2458096.70972,   10h25m52.6s, +12°09'35.8", -10.72, 61.62%, 0.002500, +103°17'51.2"
2017-12-09 08:02:00, 2458096.95972,   10h34m52.7s, +11°17'17.4", -11.27, 59.82%, 0.002484, +101°11'01.3"
2017-12-09 14:02:00, 2458097.20972,   10h45m28.5s, +10°04'51.0", -10.66, 57.58%, 0.002538, +98°34'13.9"
2017-12-09 20:02:00, 2458097.45972,   11h02m28.2s, +8°56'42.6", -11.03, 54.06%, 0.002577, +94°30'47.3"
2017-12-10 02:02:00, 2458097.70972,   11h18m19.1s, +8°02'08.4", -7.74, 50.83%, 0.002545, +90°48'13.9"
2017-12-10 08:02:00, 2458097.95972,   11h27m20.2s, +7°03'42.2", -10.91, 48.93%, 0.002519, +88°37'18.1"
2017-12-10 14:02:00, 2458098.20972,   11h36m31.9s, +5°52'32.5", -4.44, 46.91%, 0.002566, +86°18'20.0"
2017-12-10 20:02:00, 2458098.45972,   11h52m12.8s, +4°43'00.7", -10.64, 43.62%, 0.002613, +82°31'02.4"
2017-12-11 02:02:00, 2458098.70972,   12h08m07.0s, +3°41'06.2", -9.09, 40.36%, 0.002588, +78°43'57.3"
2017-12-11 08:02:00, 2458098.95972,   12h17m24.7s, +2°37'53.5", -10.47, 38.40%, 0.002553, +76°26'23.9"
2017-12-11 14:02:00, 2458099.20972,   12h25m35.1s, +1°30'06.7", -9.74, 36.65%, 0.002592, +74°21'53.3"
2017-12-11 20:02:00, 2458099.45972,   12h40m05.8s, +0°24'00.3", -10.17, 33.73%, 0.002645, +70°51'31.6"
2017-12-12 02:02:00, 2458099.70972,   12h56m05.9s, -0°40'46.6", -9.57, 30.60%, 0.002627, +67°01'45.7"
2017-12-12 08:02:00, 2458099.95972,   13h05m54.6s, -1°47'14.8", -9.96, 28.66%, 0.002586, +64°35'37.8"
2017-12-12 14:02:00, 2458100.20972,   13h13m24.9s, -2°50'39.6", -9.64, 27.17%, 0.002614, +62°41'59.2"
2017-12-12 20:02:00, 2458100.45972,   13h26m54.8s, -3°49'46.2", -9.61, 24.71%, 0.002671, +59°28'40.7"
2017-12-13 02:02:00, 2458100.70972,   13h43m04.1s, -4°53'07.4", -9.21, 21.87%, 0.002661, +55°38'02.3"
2017-12-13 08:02:00, 2458100.95972,   13h53m36.5s, -6°00'57.0", -9.33, 20.02%, 0.002615, +53°01'59.1"
2017-12-13 14:02:00, 2458101.20972,   14h00m46.0s, -6°59'36.9", -9.13, 18.79%, 0.002633, +51°15'36.8"
2017-12-13 20:02:00, 2458101.45972,   14h13m23.3s, -7°49'13.5", -8.93, 16.83%, 0.002691, +48°19'03.4"
2017-12-14 02:02:00, 2458101.70972,   14h29m43.7s, -8°47'05.1", -8.59, 14.40%, 0.002689, +44°29'26.2"
2017-12-14 08:02:00, 2458101.95972,   14h41m10.6s, -9°53'51.3", -8.55, 12.73%, 0.002641, +41°42'43.9"
2017-12-14 14:02:00, 2458102.20972,   14h48m16.6s, -10°47'33.6", -8.40, 11.76%, 0.002648, +40°00'10.4"
2017-12-14 20:02:00, 2458102.45972,   15h00m07.4s, -11°26'03.3", -8.04, 10.29%, 0.002705, +37°19'51.6"
2017-12-15 02:02:00, 2458102.70972,   15h16m38.2s, -12°14'40.8", -7.73, 8.38%, 0.002712, +33°33'28.0"
2017-12-15 08:02:00, 2458102.95972,   15h29m07.4s, -13°17'28.3", -7.52, 7.00%, 0.002664, +30°36'05.4"
2017-12-15 14:02:00, 2458103.20972,   15h36m25.4s, -14°05'51.8", -7.39, 6.26%, 0.002659, +28°54'07.3"
2017-12-15 20:02:00, 2458103.45972,   15h47m33.6s, -14°32'22.7", -6.80, 5.28%, 0.002713, +26°29'39.6"
2017-12-16 02:02:00, 2458103.70972,   16h04m10.3s, -15°08'31.3", -6.51, 3.94%, 0.002729, +22°49'43.0"
2017-12-16 08:02:00, 2458103.95972,   16h17m45.5s, -16°04'02.1", -6.03, 2.95%, 0.002682, +19°42'59.9"
2017-12-16 14:02:00, 2458104.20972,   16h25m28.5s, -16°46'25.2", -5.87, 2.46%, 0.002667, +17°58'56.5"
2017-12-16 20:02:00, 2458104.45972,   16h35m56.0s, -17°00'45.4", -4.62, 1.91%, 0.002717, +15°51'25.2"
2017-12-17 02:02:00, 2458104.70972,   16h52m29.7s, -17°21'53.6", -4.55, 1.18%, 0.002741, +12°26'34.8"
2017-12-17 08:02:00, 2458104.95972,   17h07m09.1s, -18°06'45.1", -3.48, 0.67%, 0.002698, +9°20'05.8"
2017-12-17 14:02:00, 2458105.20972,   17h15m27.9s, -18°42'01.6", -3.09, 0.44%, 0.002673, +7°37'14.8"
2017-12-17 20:02:00, 2458105.45972,   17h25m15.4s, -18°44'33.7", 3.60, 0.29%, 0.002716, +6°07'04.1"
2017-12-18 02:02:00, 2458105.70972,   17h41m32.9s, -18°49'10.6", -1.31, 0.16%, 0.002747, +4°35'03.2"
2017-12-18 08:02:00, 2458105.95972,   17h57m09.0s, -19°20'18.9", -1.11, 0.19%, 0.002709, +4°59'21.0"
2017-12-18 14:02:00, 2458106.20972,   18h06m10.8s, -19°47'03.1", -2.29, 0.27%, 0.002675, +5°58'08.1"
2017-12-18 20:02:00, 2458106.45972,   18h15m19.1s, -19°38'36.9", -2.40, 0.44%, 0.002711, +7°36'52.4"
2017-12-19 02:02:00, 2458106.70972,   18h31m05.0s, -19°26'24.1", -4.09, 0.89%, 0.002748, +10°47'18.4"
2017-12-19 08:02:00, 2458106.95972,   18h47m24.9s, -19°41'31.8", -1.69, 1.51%, 0.002717, +14°03'32.6"
2017-12-19 14:02:00, 2458107.20972,   18h57m13.5s, -19°58'08.7", -5.48, 1.93%, 0.002675, +15°56'34.3"
2017-12-19 20:02:00, 2458107.45972,   19h05m45.0s, -19°39'50.5", -5.54, 2.38%, 0.002702, +17°42'26.2"
2017-12-20 02:02:00, 2458107.70972,   19h20m44.0s, -19°11'45.3", -6.24, 3.33%, 0.002744, +20°58'56.1"
2017-12-20 08:02:00, 2458107.95972,   19h37m31.5s, -19°09'42.5", -5.72, 4.55%, 0.002720, +24°33'55.9"
2017-12-20 14:02:00, 2458108.20972,   19h48m07.6s, -19°14'43.3", -7.14, 5.37%, 0.002672, +26°43'07.5"
2017-12-20 20:02:00, 2458108.45972,   19h56m07.1s, -18°47'42.1", -7.20, 6.05%, 0.002689, +28°24'28.9"
2017-12-21 02:02:00, 2458108.70972,   20h10m07.3s, -18°05'47.2", -7.54, 7.42%, 0.002734, +31°32'23.7"
2017-12-21 08:02:00, 2458108.95972,   20h27m05.8s, -17°46'41.2", -7.64, 9.22%, 0.002718, +35°15'29.5"
2017-12-21 14:02:00, 2458109.20972,   20h38m28.4s, -17°38'57.3", -8.23, 10.46%, 0.002665, +37°38'58.6"
2017-12-21 20:02:00, 2458109.45972,   20h46m03.7s, -17°04'11.6", -8.31, 11.36%, 0.002671, +39°17'50.2"
2017-12-22 02:02:00, 2458109.70972,   20h58m58.5s, -16°11'13.2", -8.44, 13.06%, 0.002718, +42°15'23.7"
2017-12-22 08:02:00, 2458109.95972,   21h15m54.0s, -15°36'25.3", -8.67, 15.37%, 0.002711, +46°03'19.7"
2017-12-22 14:02:00, 2458110.20972,   21h28m02.0s, -15°15'19.3", -9.01, 17.07%, 0.002655, +48°41'39.2"
2017-12-22 20:02:00, 2458110.45972,   21h35m23.9s, -14°33'27.4", -9.13, 18.18%, 0.002649, +50°21'00.6"
2017-12-23 02:02:00, 2458110.70972,   21h47m12.6s, -13°32'29.1", -9.11, 20.09%, 0.002695, +53°07'56.5"
2017-12-23 08:02:00, 2458110.95972,   22h03m55.3s, -12°44'21.9", -9.41, 22.85%, 0.002696, +56°58'39.9"
2017-12-23 14:02:00, 2458111.20972,   22h16m48.8s, -12°09'54.6", -9.61, 25.01%, 0.002639, +59°52'44.3"
2017-12-23 20:02:00, 2458111.45972,   22h24m10.8s, -11°21'12.3", -9.78, 26.32%, 0.002621, +61°35'57.0"
2017-12-24 02:02:00, 2458111.70972,   22h34m58.3s, -10°15'12.0", -9.58, 28.36%, 0.002666, +64°12'37.6"
2017-12-24 08:02:00, 2458111.95972,   22h51m23.3s, -9°16'53.6", -10.00, 31.45%, 0.002675, +68°04'26.8"
2017-12-24 14:02:00, 2458112.20972,   23h05m04.5s, -8°29'49.7", -10.04, 34.05%, 0.002619, +71°15'08.6"
2017-12-24 20:02:00, 2458112.45972,   23h12m42.0s, -7°34'16.4", -10.32, 35.58%, 0.002590, +73°05'49.5"
2017-12-25 02:02:00, 2458112.70972,   23h22m37.6s, -6°25'50.5", -9.77, 37.65%, 0.002630, +75°33'08.1"
2017-12-25 08:02:00, 2458112.95972,   23h38m44.0s, -5°21'01.9", -10.48, 40.94%, 0.002647, +79°24'27.5"
2017-12-25 14:02:00, 2458113.20972,   23h53m17.8s, -4°22'57.6", -10.19, 43.93%, 0.002594, +82°52'24.8"
2017-12-25 20:02:00, 2458113.45972,    0h01m28.4s, -3°20'30.8", -10.78, 45.69%, 0.002555, +84°54'20.6"
2017-12-26 02:02:00, 2458113.70972,    0h10m44.6s, -2°11'48.0", -8.31, 47.71%, 0.002588, +87°13'40.9"
2017-12-26 08:02:00, 2458113.95972,    0h26m34.5s, -1°04'35.3", -10.90, 51.05%, 0.002613, +91°02'51.9"
2017-12-26 14:02:00, 2458114.20972,    0h42m07.8s, +0°01'50.5", -6.62, 54.32%, 0.002565, +94°48'15.9"
2017-12-26 20:02:00, 2458114.45972,    0h51m11.2s, +1°10'51.7", -11.16, 56.30%, 0.002517, +97°05'14.3"
2017-12-27 02:02:00, 2458114.70972,    1h00m03.0s, +2°18'07.5", -9.42, 58.21%, 0.002543, +99°18'30.5"
2017-12-27 08:02:00, 2458114.95972,    1h15m39.6s, +3°23'17.1", -11.25, 61.42%, 0.002574, +103°03'44.4"
2017-12-27 14:02:00, 2458115.20972,    1h32m20.5s, +4°34'07.7", -10.71, 64.82%, 0.002534, +107°06'03.1"
2017-12-27 20:02:00, 2458115.45972,    1h42m38.4s, +5°48'30.5", -11.48, 66.96%, 0.002479, +109°41'36.7"
2017-12-28 02:02:00, 2458115.70972,    1h51m22.8s, +6°52'50.3", -11.04, 68.72%, 0.002495, +111°51'13.6"
2017-12-28 08:02:00, 2458115.95972,    2h06m48.6s, +7°51'13.4", -11.55, 71.64%, 0.002532, +115°30'26.9"
2017-12-28 14:02:00, 2458116.20972,    2h24m43.6s, +9°01'01.6", -11.46, 74.95%, 0.002502, +119°48'04.1"
2017-12-28 20:02:00, 2458116.45972,    2h36m38.5s, +10°18'01.8", -11.74, 77.14%, 0.002443, +122°45'07.4"
2017-12-29 02:02:00, 2458116.70972,    2h45m34.0s, +11°17'53.2", -11.58, 78.69%, 0.002449, +124°53'58.1"
2017-12-29 08:02:00, 2458116.95972,    3h00m48.7s, +12°04'43.1", -11.80, 81.14%, 0.002491, +128°24'51.3"
2017-12-29 14:02:00, 2458117.20972,    3h19m58.9s, +13°06'33.7", -11.81, 84.11%, 0.002473, +132°54'45.1"
2017-12-29 20:02:00, 2458117.45972,    3h33m50.5s, +14°21'24.1", -11.92, 86.18%, 0.002413, +136°15'02.3"
2017-12-30 02:02:00, 2458117.70972,    3h43m16.4s, +15°14'49.8", -11.91, 87.47%, 0.002409, +138°26'21.0"
2017-12-30 08:02:00, 2458117.95972,    3h58m13.8s, +15°45'45.3", -11.98, 89.33%, 0.002453, +141°46'22.7"
2017-12-30 14:02:00, 2458118.20972,    4h18m29.2s, +16°31'51.0", -12.05, 91.68%, 0.002448, +146°23'44.3"
2017-12-30 20:02:00, 2458118.45972,    4h34m28.4s, +17°37'40.7", -11.98, 93.38%, 0.002392, +150°07'14.2"
2017-12-31 02:02:00, 2458118.70972,    4h44m41.7s, +18°22'00.0", -12.13, 94.34%, 0.002377, +152°24'20.2"
2017-12-31 08:02:00, 2458118.95972,    4h59m08.6s, +18°33'53.0", -12.07, 95.52%, 0.002421, +155°30'47.1"
2017-12-31 14:02:00, 2458119.20972,    5h20m02.4s, +18°57'03.0", -12.20, 97.04%, 0.002432, +160°08'20.3"
2017-12-31 20:02:00, 2458119.45972,    5h38m03.0s, +19°45'56.2", -11.66, 98.12%, 0.002382, +164°12'18.0"
2018-01-01 02:02:00, 2458119.70972,    5h49m14.3s, +20°17'48.4", -12.26, 98.65%, 0.002358, +166°37'55.9"
2018-01-01 08:02:00, 2458119.95972,    6h02m52.2s, +20°09'37.5", -11.99, 99.15%, 0.002400, +169°25'28.1"
2018-01-01 14:02:00, 2458120.20972,    6h23m40.7s, +20°05'25.0", -12.27, 99.70%, 0.002426, +173°41'26.5"
2018-01-01 20:02:00, 2458120.45972,    6h43m14.2s, +20°30'29.7", -7.78, 99.94%, 0.002386, +177°13'07.6"
2018-01-02 02:02:00, 2458120.70972,    6h55m24.2s, +20°46'33.5", -12.30, 99.95%, 0.002354, +177°30'05.1"
2018-01-02 08:02:00, 2458120.95972,    7h07m55.1s, +20°19'49.9", -10.95, 99.83%, 0.002391, +175°19'00.1"
2018-01-02 14:02:00, 2458121.20972,    7h27m46.6s, +19°48'20.5", -12.26, 99.41%, 0.002430, +171°09'46.0"
2018-01-02 20:02:00, 2458121.45972,    7h48m07.7s, +19°46'13.3", -11.82, 98.70%, 0.002403, +166°51'56.1"
2018-01-03 02:02:00, 2458121.70972,    8h01m07.0s, +19°44'11.7", -12.25, 98.11%, 0.002365, +164°09'47.4"
2018-01-03 08:02:00, 2458121.95972,    8h12m21.5s, +19°02'28.7", -11.12, 97.48%, 0.002395, +161°40'44.4"
2018-01-03 14:02:00, 2458122.20972,    8h30m32.3s, +18°08'28.5", -12.18, 96.23%, 0.002445, +157°32'22.6"
2018-01-03 20:02:00, 2458122.45972,    8h50m52.8s, +17°40'27.2", -11.99, 94.58%, 0.002431, +153°00'29.9"
2018-01-04 02:02:00, 2458122.70972,    9h04m27.3s, +17°19'59.0", -12.12, 93.36%, 0.002390, +150°03'24.0"
2018-01-04 08:02:00, 2458122.95972,    9h14m29.1s, +16°27'33.7", -11.87, 92.33%, 0.002412, +147°45'56.6"
2018-01-04 14:02:00, 2458123.20972,    9h30m35.9s, +15°18'41.8", -12.02, 90.48%, 0.002469, +143°58'40.0"
2018-01-04 20:02:00, 2458123.45972,    9h50m18.5s, +14°29'59.2", -11.91, 88.04%, 0.002469, +139°26'56.9"
2018-01-05 02:02:00, 2458123.70972,   10h04m16.0s, +13°52'45.9", -11.90, 86.21%, 0.002427, +136°17'54.8"
2018-01-05 08:02:00, 2458123.95972,   10h13m19.9s, +12°53'24.5", -11.85, 84.89%, 0.002438, +134°08'58.6"
2018-01-05 14:02:00, 2458124.20972,   10h27m20.2s, +11°37'40.8", -11.79, 82.71%, 0.002499, +130°45'18.1"
2018-01-05 20:02:00, 2458124.45972,   10h46m04.5s, +10°35'28.0", -11.73, 79.71%, 0.002513, +126°20'04.3"
2018-01-06 02:02:00, 2458124.70972,   11h00m18.3s, +9°44'41.2", -11.61, 77.33%, 0.002471, +123°00'52.9"
2018-01-06 08:02:00, 2458124.95972,   11h08m44.4s, +8°41'05.3", -11.67, 75.81%, 0.002471, +120°56'54.7"
2018-01-06 14:02:00, 2458125.20972,   11h20m50.9s, +7°25'00.8", -11.46, 73.53%, 0.002533, +117°56'49.4"
2018-01-06 20:02:00, 2458125.45972,   11h38m30.5s, +6°16'35.5", -11.49, 70.21%, 0.002558, +113°42'17.2"
2018-01-07 02:02:00, 2458125.70972,   11h52m59.2s, +5°16'13.6", -11.21, 67.41%, 0.002518, +110°14'39.4"
2018-01-07 08:02:00, 2458125.95972,   12h01m08.9s, +4°10'07.4", -11.42, 65.73%, 0.002508, +108°12'07.1"
2018-01-07 14:02:00, 2458126.20972,   12h11m41.1s, +2°58'04.6", -10.96, 63.54%, 0.002567, +105°33'56.5"
2018-01-07 20:02:00, 2458126.45972,   12h28m18.3s, +1°49'44.6", -11.19, 60.13%, 0.002602, +101°32'43.9"
2018-01-08 02:02:00, 2458126.70972,   12h43m04.5s, +0°44'00.7", -10.59, 57.06%, 0.002566, +97°58'16.6"
2018-01-08 08:02:00, 2458126.95972,   12h51m17.8s, -0°23'23.9", -11.10, 55.27%, 0.002546, +95°53'55.3"
2018-01-08 14:02:00, 2458127.20972,   13h00m36.5s, -1°28'59.6", -9.05, 53.26%, 0.002598, +93°34'54.2"
2018-01-08 20:02:00, 2458127.45972,   13h16m17.7s, -2°32'17.7", -10.84, 49.97%, 0.002641, +89°48'25.6"
2018-01-09 02:02:00, 2458127.70972,   13h31m25.6s, -3°39'13.7", -8.66, 46.77%, 0.002611, +86°08'36.3"
2018-01-09 08:02:00, 2458127.95972,   13h40m00.6s, -4°46'50.7", -10.73, 44.90%, 0.002581, +83°59'36.7"
2018-01-09 14:02:00, 2458128.20972,   13h48m25.5s, -5°44'57.8", -9.49, 43.12%, 0.002626, +81°56'24.4"
2018-01-09 20:02:00, 2458128.45972,   14h03m17.3s, -6°39'35.9", -10.43, 40.09%, 0.002674, +78°25'11.3"
2018-01-10 02:02:00, 2458128.70972,   14h18m51.2s, -7°43'43.8", -8.05, 36.92%, 0.002650, +74°41'18.9"
2018-01-10 08:02:00, 2458128.95972,   14h28m03.7s, -8°50'12.7", -10.28, 35.02%, 0.002613, +72°25'19.8"
2018-01-10 14:02:00, 2458129.20972,   14h35m52.8s, -9°40'38.8", -9.87, 33.49%, 0.002648, +70°34'21.3"
2018-01-10 20:02:00, 2458129.45972,   14h50m00.6s, -10°24'04.7", -9.95, 30.83%, 0.002700, +67°18'19.8"
2018-01-11 02:02:00, 2458129.70972,   15h06m02.8s, -11°21'36.6", -9.23, 27.82%, 0.002683, +63°31'39.1"
2018-01-11 08:02:00, 2458129.95972,   15h16m06.2s, -12°25'10.2", -9.76, 25.95%, 0.002640, +61°06'47.8"
2018-01-11 14:02:00, 2458130.20972,   15h23m35.4s, -13°08'03.7", -9.52, 24.65%, 0.002664, +59°24'26.7"
2018-01-11 20:02:00, 2458130.45972,   15h37m02.1s, -13°38'39.4", -9.38, 22.42%, 0.002718, +56°23'11.5"
2018-01-12 02:02:00, 2458130.70972,   15h53m32.1s, -14°26'03.5", -8.95, 19.71%, 0.002709, +52°34'58.2"
2018-01-12 08:02:00, 2458130.95972,   16h04m36.8s, -15°24'24.2", -9.11, 17.94%, 0.002662, +49°59'50.0"
2018-01-12 14:02:00, 2458131.20972,   16h12m00.1s, -15°59'52.9", -8.95, 16.86%, 0.002674, +48°22'35.6"
2018-01-12 20:02:00, 2458131.45972,   16h24m45.8s, -16°16'47.1", -8.67, 15.08%, 0.002728, +45°35'29.3"
2018-01-13 02:02:00, 2458131.70972,   16h41m38.5s, -16°50'56.9", -8.34, 12.78%, 0.002727, +41°47'05.5"
2018-01-13 08:02:00, 2458131.95972,   16h53m50.6s, -17°41'21.2", -8.31, 11.20%, 0.002679, +39°00'43.0"
2018-01-13 14:02:00, 2458132.20972,   17h01m20.4s, -18°09'19.4", -8.18, 10.34%, 0.002679, +37°25'13.8"
2018-01-13 20:02:00, 2458132.45972,   17h13m22.9s, -18°12'24.4", -7.72, 9.02%, 0.002732, +34°51'33.4"
2018-01-14 02:02:00, 2458132.70972,   17h30m28.2s, -18°30'53.2", -7.45, 7.21%, 0.002739, +31°04'33.8"
2018-01-14 08:02:00, 2458132.95972,   17h43m48.4s, -19°10'26.7", -7.22, 5.93%, 0.002690, +28°06'27.1"
2018-01-14 14:02:00, 2458133.20972,   17h51m35.0s, -19°30'28.6", -7.10, 5.28%, 0.002679, +26°29'33.0"
2018-01-14 20:02:00, 2458133.45972,   18h02m50.7s, -19°20'17.9", -6.28, 4.40%, 0.002728, +24°08'38.2"
2018-01-15 02:02:00, 2458133.70972,   18h19m53.9s, -19°21'37.3", -6.13, 3.16%, 0.002744, +20°25'06.0"
2018-01-15 08:02:00, 2458133.95972,   18h34m17.0s, -19°47'37.5", -5.57, 2.26%, 0.002697, +17°15'17.6"
2018-01-15 14:02:00, 2458134.20972,   18h42m28.4s, -19°58'58.3", -5.40, 1.84%, 0.002676, +15°34'04.6"
2018-01-15 20:02:00, 2458134.45972,   18h52m54.0s, -19°36'41.8", -2.83, 1.38%, 0.002720, +13°26'01.0"
2018-01-16 02:02:00, 2458134.70972,   19h09m37.7s, -19°20'37.3", -3.79, 0.74%, 0.002744, +9°50'26.2"
2018-01-16 08:02:00, 2458134.95972,   19h24m53.1s, -19°31'00.3", -2.24, 0.33%, 0.002700, +6°31'55.0"
2018-01-16 14:02:00, 2458135.20972,   19h33m35.1s, -19°32'43.4", -1.57, 0.17%, 0.002669, +4°46'39.1"
2018-01-16 20:02:00, 2458135.45972,   19h43m09.4s, -18°59'57.7", 1.47, 0.08%, 0.002706, +3°10'55.1"
2018-01-17 02:02:00, 2458135.70972,   19h59m16.4s, -18°27'35.0", 0.63, 0.05%, 0.002738, +2°31'12.2"
2018-01-17 08:02:00, 2458135.95972,   20h15m10.3s, -18°21'18.7", -0.67, 0.19%, 0.002700, +5°02'22.0"
2018-01-17 14:02:00, 2458136.20972,   20h24m26.8s, -18°12'26.5", -2.75, 0.36%, 0.002660, +6°50'39.0"
2018-01-17 20:02:00, 2458136.45972,   20h33m12.3s, -17°30'59.7", -3.09, 0.59%, 0.002689, +8°47'03.9"
2018-01-18 02:02:00, 2458136.70972,   20h48m28.5s, -16°44'36.9", -4.51, 1.14%, 0.002727, +12°12'35.8"
2018-01-18 08:02:00, 2458136.95972,   21h04m46.5s, -16°21'53.6", -2.52, 1.89%, 0.002696, +15°46'16.4"
2018-01-18 14:02:00, 2458137.20972,   21h14m40.4s, -16°01'40.5", -5.87, 2.43%, 0.002648, +17°53'12.7"
2018-01-18 20:02:00, 2458137.45972,   21h22m43.8s, -15°13'14.8", -5.96, 2.95%, 0.002669, +19°43'39.9"
2018-01-19 02:02:00, 2458137.70972,   21h37m00.4s, -14°16'02.0", -6.58, 4.01%, 0.002712, +23°02'47.0"
2018-01-19 08:02:00, 2458137.95972,   21h53m30.6s, -13°38'18.2", -6.65, 5.39%, 0.002688, +26°47'12.9"
2018-01-19 14:02:00, 2458138.20972,   22h04m04.9s, -13°06'21.8", -7.44, 6.36%, 0.002635, +29°08'38.1"
2018-01-19 20:02:00, 2458138.45972,   22h11m36.8s, -12°12'20.0", -7.52, 7.14%, 0.002646, +30°55'12.5"
2018-01-20 02:02:00, 2458138.70972,   22h24m50.9s, -11°07'52.7", -7.83, 8.63%, 0.002692, +34°04'36.2"
2018-01-20 08:02:00, 2458138.95972,   22h41m25.0s, -10°17'39.3", -8.05, 10.62%, 0.002677, +37°56'04.3"
2018-01-20 14:02:00, 2458139.20972,   22h52m44.1s, -9°34'09.6", -8.48, 12.07%, 0.002620, +40°33'04.7"
2018-01-20 20:02:00, 2458139.45972,   22h59m58.0s, -8°35'28.8", -8.58, 13.09%, 0.002620, +42°18'42.8"
2018-01-21 02:02:00, 2458139.70972,   23h12m12.3s, -7°27'22.4", -8.72, 14.89%, 0.002667, +45°17'26.6"
2018-01-21 08:02:00, 2458139.95972,   23h28m46.2s, -6°28'00.1", -8.98, 17.43%, 0.002661, +49°13'43.5"
2018-01-21 14:02:00, 2458140.20972,   23h40m56.1s, -5°33'47.9", -9.24, 19.39%, 0.002602, +52°07'31.8"
2018-01-21 20:02:00, 2458140.45972,   23h48m08.4s, -4°31'02.2", -9.38, 20.64%, 0.002591, +53°55'26.2"
2018-01-22 02:02:00, 2458140.70972,   23h59m29.6s, -3°22'33.7", -9.38, 22.66%, 0.002637, +56°43'13.6"
2018-01-22 08:02:00, 2458140.95972,    0h16m02.7s, -2°18'00.1", -9.69, 25.64%, 0.002640, +60°42'18.9"
2018-01-22 14:02:00, 2458141.20972,    0h29m11.7s, -1°14'46.2", -9.80, 28.11%, 0.002582, +63°53'53.1"
2018-01-22 20:02:00, 2458141.45972,    0h36m40.7s, -0°08'19.2", -10.02, 29.61%, 0.002559, +65°47'32.0"
2018-01-23 02:02:00, 2458141.70972,    0h47m18.4s, +0°57'43.3", -9.87, 31.72%, 0.002603, +68°24'41.2"
2018-01-23 08:02:00, 2458141.95972,    1h03m52.7s, +2°03'03.1", -10.25, 35.01%, 0.002615, +72°24'35.4"
2018-01-23 14:02:00, 2458142.20972,    1h18m10.7s, +3°12'37.0", -10.11, 37.95%, 0.002559, +75°54'29.4"
2018-01-23 20:02:00, 2458142.45972,    1h26m16.9s, +4°22'11.8", -10.55, 39.69%, 0.002526, +77°57'32.0"
2018-01-24 02:02:00, 2458142.70972,    1h36m22.5s, +5°23'30.2", -10.10, 41.80%, 0.002565, +80°24'57.1"
2018-01-24 08:02:00, 2458142.95972,    1h53m00.4s, +6°24'50.3", -10.72, 45.25%, 0.002585, +84°23'36.0"
2018-01-24 14:02:00, 2458143.20972,    2h08m38.0s, +7°36'49.0", -9.07, 48.56%, 0.002535, +88°11'49.1"
2018-01-24 20:02:00, 2458143.45972,    2h17m44.0s, +8°48'19.7", -10.98, 50.53%, 0.002493, +90°27'55.8"
2018-01-25 02:02:00, 2458143.70972,    2h27m30.1s, +9°43'01.6", -8.96, 52.56%, 0.002524, +92°47'08.2"
2018-01-25 08:02:00, 2458143.95972,    2h44m12.3s, +10°35'23.0", -11.12, 55.97%, 0.002553, +96°42'18.3"
2018-01-25 14:02:00, 2458144.20972,    3h01m18.4s, +11°44'28.2", -10.24, 59.49%, 0.002510, +100°48'01.6"
2018-01-25 20:02:00, 2458144.45972,    3h11m47.5s, +12°55'32.6", -11.34, 61.66%, 0.002461, +103°20'38.6"
2018-01-26 02:02:00, 2458144.70972,    3h21m27.4s, +13°42'00.6", -9.73, 63.53%, 0.002483, +105°33'46.5"
2018-01-26 08:02:00, 2458144.95972,    3h38m10.1s, +14°20'27.4", -11.45, 66.71%, 0.002518, +109°23'03.1"
2018-01-26 14:02:00, 2458145.20972,    3h56m47.7s, +15°20'03.5", -11.31, 70.23%, 0.002485, +113°44'23.1"
2018-01-26 20:02:00, 2458145.45972,    4h09m01.0s, +16°26'41.8", -11.63, 72.49%, 0.002432, +116°36'18.9"
2018-01-27 02:02:00, 2458145.70972,    4h18m47.8s, +17°03'21.3", -11.28, 74.16%, 0.002444, +118°46'04.8"
2018-01-27 08:02:00, 2458145.95972,    4h35m20.0s, +17°23'33.4", -11.72, 76.92%, 0.002485, +122°26'52.8"
2018-01-27 14:02:00, 2458146.20972,    4h55m20.0s, +18°06'24.0", -11.72, 80.18%, 0.002464, +127°00'36.3"
2018-01-27 20:02:00, 2458146.45972,    5h09m31.0s, +19°02'56.9", -11.83, 82.36%, 0.002409, +130°13'34.2"
2018-01-28 02:02:00, 2458146.70972,    5h19m35.9s, +19°28'05.7", -11.76, 83.77%, 0.002410, +132°23'05.8"
2018-01-28 08:02:00, 2458146.95972,    5h35m37.9s, +19°27'10.3", -11.92, 85.95%, 0.002455, +135°52'49.1"
2018-01-28 14:02:00, 2458147.20972,    5h56m34.8s, +19°46'41.0", -11.98, 88.67%, 0.002449, +140°34'16.4"
2018-01-28 20:02:00, 2458147.45972,    6h12m41.9s, +20°26'37.0", -11.93, 90.56%, 0.002395, +144°08'25.0"
2018-01-29 02:02:00, 2458147.70972,    6h23m12.1s, +20°38'26.9", -12.04, 91.66%, 0.002385, +146°21'00.0"
2018-01-29 08:02:00, 2458147.95972,    6h38m18.2s, +20°15'55.1", -12.04, 93.17%, 0.002431, +149°37'19.2"
2018-01-29 14:02:00, 2458148.20972,    6h59m29.6s, +20°08'10.0", -12.14, 95.09%, 0.002441, +154°20'33.1"
2018-01-29 20:02:00, 2458148.45972,    7h17m12.6s, +20°25'48.8", -11.77, 96.45%, 0.002392, +158°14'07.5"
2018-01-30 02:02:00, 2458148.70972,    7h28m10.5s, +20°22'44.6", -12.20, 97.16%, 0.002372, +160°32'50.2"
2018-01-30 08:02:00, 2458148.95972,    7h41m56.4s, +19°40'58.1", -12.01, 97.97%, 0.002417, +163°34'07.4"
2018-01-30 14:02:00, 2458149.20972,    8h02m32.1s, +19°06'17.8", -12.24, 98.95%, 0.002442, +168°12'23.7"
2018-01-30 20:02:00, 2458149.45972,    8h21m15.9s, +18°58'50.4", -8.91, 99.56%, 0.002401, +172°21'41.3"
2018-01-31 02:02:00, 2458149.70972,    8h32m39.5s, +18°40'02.0", -12.28, 99.80%, 0.002373, +174°48'41.8"
2018-01-31 08:02:00, 2458149.95972,    8h44m51.7s, +17°43'37.2", -11.42, 99.96%, 0.002414, +177°34'43.4"
2018-01-31 14:02:00, 2458150.20972,    9h04m08.0s, +16°46'49.6", -12.25, 99.97%, 0.002452, +177°57'59.8"
2018-01-31 20:02:00, 2458150.45972,    9h23m14.0s, +16°15'24.8", -11.41, 99.69%, 0.002422, +173°37'46.2"
2018-02-01 02:02:00, 2458150.70972,    9h35m00.0s, +15°41'14.8", -12.27, 99.39%, 0.002387, +170°59'55.3"
2018-02-01 08:02:00, 2458150.95972,    9h45m40.2s, +14°35'35.6", -10.42, 99.00%, 0.002423, +168°30'03.6"
2018-02-01 14:02:00, 2458151.20972,   10h03m10.7s, +13°24'23.4", -12.19, 98.15%, 0.002472, +164°20'31.2"
2018-02-01 20:02:00, 2458151.45972,   10h22m07.7s, +12°33'41.4", -11.90, 96.97%, 0.002454, +159°54'58.7"
2018-02-02 02:02:00, 2458151.70972,   10h34m14.4s, +11°45'51.7", -12.17, 96.08%, 0.002414, +157°06'18.8"
2018-02-02 08:02:00, 2458151.95972,   10h43m37.0s, +10°35'42.8", -11.85, 95.27%, 0.002442, +154°49'24.5"
2018-02-02 14:02:00, 2458152.20972,   10h59m14.1s, +9°18'25.2", -12.06, 93.77%, 0.002499, +151°01'06.3"
2018-02-02 20:02:00, 2458152.45972,   11h17m43.0s, +8°15'07.5", -11.90, 91.78%, 0.002494, +146°35'55.5"
2018-02-03 02:02:00, 2458152.70972,   11h30m11.7s, +7°16'25.1", -12.01, 90.29%, 0.002451, +143°36'41.1"
2018-02-03 08:02:00, 2458152.95972,   11h38m37.7s, +6°05'08.1", -11.89, 89.18%, 0.002469, +141°30'06.6"
2018-02-03 14:02:00, 2458153.20972,   11h52m27.5s, +4°48'50.4", -11.86, 87.26%, 0.002532, +138°04'59.6"
2018-02-03 20:02:00, 2458153.45972,   12h10m20.3s, +3°40'02.5", -11.77, 84.64%, 0.002538, +133°44'50.6"
2018-02-04 02:02:00, 2458153.70972,   12h23m14.6s, +2°33'56.1", -11.78, 82.61%, 0.002495, +130°35'50.5"
2018-02-04 08:02:00, 2458153.95972,   12h31m07.0s, +1°23'31.6", -11.76, 81.27%, 0.002503, +128°36'17.1"
2018-02-04 14:02:00, 2458154.20972,   12h43m22.8s, +0°13'14.5", -11.59, 79.17%, 0.002566, +125°34'24.6"
2018-02-04 20:02:00, 2458154.45972,   13h00m38.3s, -0°54'40.4", -11.57, 76.13%, 0.002584, +121°22'48.6"
2018-02-05 02:02:00, 2458154.70972,   13h14m03.4s, -2°04'22.5", -11.48, 73.64%, 0.002541, +118°05'07.7"
2018-02-05 08:02:00, 2458154.95972,   13h21m44.1s, -3°12'46.9", -11.55, 72.14%, 0.002538, +116°09'06.3"
2018-02-05 14:02:00, 2458155.20972,   13h32m41.5s, -4°14'07.5", -11.20, 70.04%, 0.002599, +113°29'01.3"
2018-02-05 20:02:00, 2458155.45972,   13h49m21.7s, -5°15'58.1", -11.32, 66.79%, 0.002627, +109°28'18.5"
2018-02-06 02:02:00, 2458155.70972,   14h03m23.3s, -6°25'23.6", -11.10, 63.95%, 0.002587, +106°03'04.0"
2018-02-06 08:02:00, 2458155.95972,   14h11m12.1s, -7°31'01.8", -11.28, 62.32%, 0.002574, +104°07'13.4"
2018-02-06 14:02:00, 2458156.20972,   14h21m06.5s, -8°22'07.9", -10.33, 60.33%, 0.002629, +101°46'26.5"
2018-02-06 20:02:00, 2458156.45972,   14h37m13.9s, -9°13'59.3", -11.02, 57.06%, 0.002665, +97°57'56.8"
2018-02-07 02:02:00, 2458156.70972,   14h51m56.4s, -10°19'20.6", -10.55, 54.00%, 0.002629, +94°26'11.2"
2018-02-07 08:02:00, 2458156.95972,   15h00m10.9s, -11°21'22.0", -10.96, 52.28%, 0.002606, +92°27'27.1"
2018-02-07 14:02:00, 2458157.20972,   15h09m16.3s, -12°02'00.2", -7.25, 50.47%, 0.002654, +90°22'52.8"
2018-02-07 20:02:00, 2458157.45972,   15h24m51.9s, -12°41'07.2", -10.67, 47.33%, 0.002696, +86°47'10.4"
2018-02-08 02:02:00, 2458157.70972,   15h40m17.5s, -13°38'46.7", -9.19, 44.18%, 0.002665, +83°09'50.4"
2018-02-08 08:02:00, 2458157.95972,   15h49m12.8s, -14°35'59.5", -10.59, 42.39%, 0.002633, +81°05'29.7"
2018-02-08 14:02:00, 2458158.20972,   15h57m41.8s, -15°06'31.3", -9.98, 40.79%, 0.002672, +79°13'45.1"
2018-02-08 20:02:00, 2458158.45972,   16h12m44.2s, -15°31'08.8", -10.27, 37.91%, 0.002718, +75°50'53.5"
2018-02-09 02:02:00, 2458158.70972,   16h28m51.9s, -16°17'45.0", -6.95, 34.80%, 0.002694, +72°08'52.6"
2018-02-09 08:02:00, 2458158.95972,   16h38m39.8s, -17°08'29.9", -10.14, 32.97%, 0.002654, +69°56'34.8"
2018-02-09 14:02:00, 2458159.20972,   16h46m43.7s, -17°29'28.6", -9.84, 31.58%, 0.002682, +68°14'11.4"
2018-02-09 20:02:00, 2458159.45972,   17h01m09.0s, -17°38'45.5", -9.79, 29.03%, 0.002731, +65°03'55.3"
2018-02-10 02:02:00, 2458159.70972,   17h17m53.0s, -18°11'23.1", -9.05, 26.10%, 0.002714, +61°18'08.5"
2018-02-10 08:02:00, 2458159.95972,   17h28m41.6s, -18°53'34.9", -9.61, 24.30%, 0.002669, +58°55'56.7"
2018-02-10 14:02:00, 2458160.20972,   17h36m30.5s, -19°05'30.4", -9.43, 23.10%, 0.002686, +57°19'26.8"
2018-02-10 20:02:00, 2458160.45972,   17h50m12.4s, -18°59'26.4", -9.21, 20.95%, 0.002736, +54°21'20.3"
2018-02-11 02:02:00, 2458160.70972,   18h07m22.1s, -19°15'50.3", -8.81, 18.31%, 0.002727, +50°32'49.4"
2018-02-11 08:02:00, 2458160.95972,   18h19m14.7s, -19°47'09.8", -8.96, 16.61%, 0.002677, +47°59'10.8"
2018-02-11 14:02:00, 2458161.20972,   18h26m57.8s, -19°50'18.8", -8.83, 15.60%, 0.002682, +46°25'11.0"
2018-02-11 20:02:00, 2458161.45972,   18h39m49.1s, -19°29'42.3", -8.47, 13.88%, 0.002732, +43°38'41.6"
2018-02-12 02:02:00, 2458161.70972,   18h57m09.9s, -19°28'34.9", -8.19, 11.65%, 0.002731, +39°48'40.1"
2018-02-12 08:02:00, 2458161.95972,   19h10m04.5s, -19°46'47.8", -8.12, 10.14%, 0.002680, +37°02'29.3"
2018-02-12 14:02:00, 2458162.20972,   19h17m50.4s, -19°41'10.5", -8.02, 9.32%, 0.002673, +35°27'42.0"
2018-02-12 20:02:00, 2458162.45972,   19h29m44.9s, -19°07'33.5", -7.46, 8.05%, 0.002721, +32°52'11.0"
2018-02-13 02:02:00, 2458162.70972,   19h46m59.7s, -18°48'49.1", -7.25, 6.32%, 0.002729, +29°02'06.8"
2018-02-13 08:02:00, 2458162.95972,   20h00m50.1s, -18°52'09.8", -6.95, 5.10%, 0.002678, +26°02'50.4"
2018-02-13 14:02:00, 2458163.20972,   20h08m46.6s, -18°37'31.3", -6.85, 4.49%, 0.002660, +24°24'06.3"
2018-02-13 20:02:00, 2458163.45972,   20h19m40.7s, -17°52'59.0", -5.81, 3.65%, 0.002704, +21°58'44.8"
2018-02-14 02:02:00, 2458163.70972,   20h36m32.8s, -17°17'50.7", -5.79, 2.51%, 0.002721, +18°10'22.8"
2018-02-14 08:02:00, 2458163.95972,   20h51m10.0s, -17°05'23.7", -5.05, 1.71%, 0.002672, +14°58'13.7"
2018-02-14 14:02:00, 2458164.20972,   20h59m24.6s, -16°41'20.0", -4.89, 1.33%, 0.002643, +13°12'38.0"
2018-02-14 20:02:00, 2458164.45972,   21h09m19.1s, -15°48'15.1", -0.63, 0.91%, 0.002683, +10°56'13.8"
2018-02-15 02:02:00, 2458164.70972,   21h25m34.6s, -14°59'09.6", -2.81, 0.40%, 0.002709, +7°11'50.3"
2018-02-15 08:02:00, 2458164.95972,   21h40m49.0s, -14°31'05.4", -0.31, 0.11%, 0.002664, +3°51'15.4"
2018-02-15 14:02:00, 2458165.20972,   21h49m29.2s, -13°57'13.4", 1.18, 0.03%, 0.002625, +2°02'01.8"
2018-02-15 20:02:00, 2458165.45972,   21h58m29.5s, -12°57'57.5", 6.40, 0.00%, 0.002659, +0°37'15.0"
2018-02-16 02:02:00, 2458165.70972,   22h13m59.1s, -11°58'19.5", -0.92, 0.12%, 0.002692, +4°00'22.7"
2018-02-16 08:02:00, 2458165.95972,   22h29m42.7s, -11°16'00.0", 2.32, 0.45%, 0.002653, +7°40'12.6"
2018-02-16 14:02:00, 2458166.20972,   22h38m56.4s, -10°32'10.0", -3.94, 0.73%, 0.002607, +9°47'01.8"
2018-02-16 20:02:00, 2458166.45972,   22h47m12.1s, -9°28'47.8", -4.09, 1.05%, 0.002633, +11°45'13.9"
2018-02-17 02:02:00, 2458166.70972,   23h01m51.5s, -8°22'37.1", -5.30, 1.78%, 0.002672, +15°16'57.6"
2018-02-17 08:02:00, 2458166.95972,   23h17m58.7s, -7°28'32.8", -5.37, 2.77%, 0.002641, +19°07'08.4"
2018-02-17 14:02:00, 2458167.20972,   23h27m55.0s, -6°35'01.8", -6.50, 3.49%, 0.002588, +21°29'09.7"
2018-02-17 20:02:00, 2458167.45972,   23h35m38.9s, -5°29'11.9", -6.55, 4.13%, 0.002605, +23°23'36.1"
2018-02-18 02:02:00, 2458167.70972,   23h49m28.2s, -4°20'39.1", -7.12, 5.39%, 0.002650, +26°46'01.1"
2018-02-18 08:02:00, 2458167.95972,    0h05m56.6s, -3°18'21.1", -7.38, 7.06%, 0.002627, +30°44'45.1"
2018-02-18 14:02:00, 2458168.20972,    0h16m45.5s, -2°16'06.0", -7.91, 8.29%, 0.002571, +33°23'07.7"
2018-02-18 20:02:00, 2458168.45972,    0h24m13.4s, -1°09'00.6", -7.97, 9.21%, 0.002578, +35°15'25.0"
2018-02-19 02:02:00, 2458168.70972,    0h37m16.0s, -0°02'05.7", -8.28, 10.89%, 0.002625, +38°26'59.1"
2018-02-19 08:02:00, 2458168.95972,    0h54m05.4s, +1°04'06.2", -8.55, 13.22%, 0.002612, +42°32'11.7"
2018-02-19 14:02:00, 2458169.20972,    1h05m58.4s, +2°13'15.1", -8.86, 15.00%, 0.002553, +45°28'08.5"
2018-02-19 20:02:00, 2458169.45972,    1h13m27.9s, +3°20'41.6", -8.97, 16.19%, 0.002550, +47°20'56.8"
2018-02-20 02:02:00, 2458169.70972,    1h25m49.4s, +4°22'24.7", -9.11, 18.17%, 0.002598, +50°20'43.5"
2018-02-20 08:02:00, 2458169.95972,    1h43m00.6s, +5°27'34.2", -9.38, 21.05%, 0.002595, +54°30'00.6"
2018-02-20 14:02:00, 2458170.20972,    1h56m10.0s, +6°40'41.3", -9.54, 23.40%, 0.002537, +57°44'15.4"
2018-02-20 20:02:00, 2458170.45972,    2h04m00.9s, +7°47'34.4", -9.72, 24.85%, 0.002522, +59°40'43.4"
2018-02-21 02:02:00, 2458170.70972,    2h15m47.7s, +8°41'07.7", -9.74, 26.99%, 0.002568, +62°28'25.6"
2018-02-21 08:02:00, 2458170.95972,    2h33m20.9s, +9°39'55.4", -10.03, 30.30%, 0.002576, +66°39'11.1"
2018-02-21 14:02:00, 2458171.20972,    2h47m58.5s, +10°52'51.6", -9.95, 33.17%, 0.002521, +70°11'51.7"
2018-02-21 20:02:00, 2458171.45972,    2h56m31.8s, +11°57'53.0", -10.32, 34.88%, 0.002496, +72°15'24.4"
2018-02-22 02:02:00, 2458171.70972,    3h07m50.5s, +12°40'57.5", -10.17, 37.06%, 0.002538, +74°51'29.0"
2018-02-22 08:02:00, 2458171.95972,    3h25m42.5s, +13°28'00.0", -10.56, 40.60%, 0.002556, +79°00'58.8"
2018-02-22 14:02:00, 2458172.20972,    3h41m56.9s, +14°35'22.0", -9.43, 43.91%, 0.002506, +82°51'29.9"
2018-02-22 20:02:00, 2458172.45972,    3h51m34.0s, +15°36'23.7", -10.81, 45.85%, 0.002471, +85°05'35.1"
2018-02-23 02:02:00, 2458172.70972,    4h02m30.4s, +16°07'19.4", -10.23, 47.96%, 0.002507, +87°31'14.9"
2018-02-23 08:02:00, 2458172.95972,    4h20m31.8s, +16°37'36.1", -10.98, 51.53%, 0.002534, +91°36'38.9"
2018-02-23 14:02:00, 2458173.20972,    4h38m24.3s, +17°33'05.6", -9.80, 55.11%, 0.002492, +95°43'33.8"
2018-02-23 20:02:00, 2458173.45972,    4h49m23.9s, +18°26'51.5", -11.20, 57.24%, 0.002449, +98°11'24.6"
2018-02-24 02:02:00, 2458173.70972,    5h00m02.8s, +18°44'34.1", -4.03, 59.21%, 0.002476, +100°28'37.0"
2018-02-24 08:02:00, 2458173.95972,    5h17m56.0s, +18°54'09.9", -11.34, 62.60%, 0.002511, +104°27'01.5"
2018-02-24 14:02:00, 2458174.20972,    5h37m15.5s, +19°31'19.8", -11.16, 66.22%, 0.002480, +108°47'52.9"
2018-02-24 20:02:00, 2458174.45972,    5h49m49.3s, +20°13'30.3", -11.51, 68.46%, 0.002431, +111°32'05.7"
2018-02-25 02:02:00, 2458174.70972,    6h00m14.0s, +20°17'27.1", -10.91, 70.22%, 0.002449, +113°43'27.1"
2018-02-25 08:02:00, 2458174.95972,    6h17m33.4s, +20°04'23.6", -11.62, 73.21%, 0.002490, +117°32'00.0"
2018-02-25 14:02:00, 2458175.20972,    6h37m54.0s, +20°17'58.1", -11.60, 76.63%, 0.002471, +122°03'12.8"
2018-02-25 20:02:00, 2458175.45972,    6h52m02.2s, +20°43'50.6", -11.74, 78.82%, 0.002419, +125°05'22.1"
2018-02-26 02:02:00, 2458175.70972,    7h02m15.4s, +20°33'56.6", -11.61, 80.33%, 0.002426, +127°13'57.3"
2018-02-26 08:02:00, 2458175.95972,    7h18m31.7s, +19°58'55.7", -11.83, 82.76%, 0.002473, +130°49'58.2"
2018-02-26 14:02:00, 2458176.20972,    7h39m15.2s, +19°46'21.6", -11.88, 85.69%, 0.002467, +135°26'48.6"
2018-02-26 20:02:00, 2458176.45972,    7h54m45.0s, +19°52'04.9", -11.87, 87.66%, 0.002415, +138°47'00.3"
2018-02-27 02:02:00, 2458176.70972,    8h04m49.9s, +19°28'39.7", -11.94, 88.87%, 0.002411, +140°56'05.4"
2018-02-27 08:02:00, 2458176.95972,    8h19m38.6s, +18°35'07.8", -11.96, 90.64%, 0.002460, +144°17'21.8"
2018-02-27 14:02:00, 2458177.20972,    8h40m02.8s, +17°57'36.3", -12.05, 92.85%, 0.002469, +148°54'02.5"
2018-02-27 20:02:00, 2458177.45972,    8h56m32.3s, +17°41'28.7", -11.85, 94.38%, 0.002421, +152°30'21.5"
2018-02-28 02:02:00, 2458177.70972,    9h06m33.8s, +17°05'15.8", -12.13, 95.23%, 0.002406, +154°42'55.9"
2018-02-28 08:02:00, 2458177.95972,    9h19m42.0s, +15°58'35.2", -11.97, 96.31%, 0.002455, +157°48'02.0"
2018-02-28 14:02:00, 2458178.20972,    9h39m11.2s, +15°00'54.7", -12.16, 97.64%, 0.002478, +162°17'23.7"
2018-02-28 20:02:00, 2458178.45972,    9h56m16.8s, +14°24'06.9", -11.34, 98.53%, 0.002436, +166°03'39.8"
2018-03-01 02:02:00, 2458178.70972,   10h06m21.8s, +13°36'15.3", -12.22, 98.97%, 0.002412, +168°20'36.8"
2018-03-01 08:02:00, 2458178.95972,   10h17m50.8s, +12°22'20.8", -11.61, 99.40%, 0.002458, +171°07'47.4"
2018-03-01 14:02:00, 2458179.20972,   10h36m02.6s, +11°11'42.1", -12.19, 99.82%, 0.002495, +175°05'46.4"
2018-03-01 20:02:00, 2458179.45972,   10h53m24.8s, +10°18'05.0", -6.86, 99.93%, 0.002460, +177°00'00.4"
2018-03-02 02:02:00, 2458179.70972,   11h03m42.0s, +9°20'14.5", -12.24, 99.89%, 0.002429, +176°16'30.1"
2018-03-02 08:02:00, 2458179.95972,   11h13m44.3s, +8°04'15.3", -7.86, 99.77%, 0.002470, +174°32'38.0"
2018-03-02 14:02:00, 2458180.20972,   11h30m29.5s, +6°48'28.6", -12.16, 99.34%, 0.002517, +170°40'05.9"
2018-03-02 20:02:00, 2458180.45972,   11h47m55.5s, +5°43'40.5", -11.49, 98.63%, 0.002493, +166°29'54.3"
2018-03-03 02:02:00, 2458180.70972,   11h58m34.4s, +4°38'04.2", -12.18, 98.06%, 0.002456, +163°58'01.9"
2018-03-03 08:02:00, 2458180.95972,   12h07m28.9s, +3°23'43.3", -11.73, 97.51%, 0.002490, +161°48'17.0"
2018-03-03 14:02:00, 2458181.20972,   12h22m48.1s, +2°09'49.6", -12.06, 96.39%, 0.002545, +158°02'52.5"
2018-03-03 20:02:00, 2458181.45972,   12h40m11.1s, +1°00'10.9", -11.77, 94.89%, 0.002532, +153°47'51.5"
2018-03-04 02:02:00, 2458181.70972,   12h51m21.5s, -0°10'25.9", -12.06, 93.78%, 0.002490, +151°03'18.5"
2018-03-04 08:02:00, 2458181.95972,   12h59m28.9s, -1°20'54.5", -11.88, 92.91%, 0.002515, +149°02'39.4"
2018-03-04 14:02:00, 2458182.20972,   13h13m28.3s, -2°27'33.9", -11.90, 91.31%, 0.002576, +145°37'32.7"
2018-03-04 20:02:00, 2458182.45972,   13h30m45.3s, -3°35'55.5", -11.75, 89.13%, 0.002574, +141°24'30.7"
2018-03-05 02:02:00, 2458182.70972,   13h42m35.9s, -4°48'22.0", -11.88, 87.50%, 0.002530, +138°29'40.8"
2018-03-05 08:02:00, 2458182.95972,   13h50m16.9s, -5°53'50.6", -11.81, 86.40%, 0.002545, +136°36'50.0"
2018-03-05 14:02:00, 2458183.20972,   14h03m04.5s, -6°49'47.9", -11.69, 84.52%, 0.002607, +133°32'53.3"
2018-03-05 20:02:00, 2458183.45972,   14h20m13.7s, -7°51'32.5", -11.61, 81.83%, 0.002615, +129°25'08.4"
2018-03-06 02:02:00, 2458183.70972,   14h32m52.2s, -9°02'22.3", -11.65, 79.72%, 0.002571, +126°20'57.7"
2018-03-06 08:02:00, 2458183.95972,   14h40m25.8s, -10°02'18.3", -11.65, 78.44%, 0.002575, +124°32'55.9"
2018-03-06 14:02:00, 2458184.20972,   14h52m09.8s, -10°45'47.5", -11.38, 76.46%, 0.002636, +121°49'13.2"
2018-03-06 20:02:00, 2458184.45972,   15h09m09.1s, -11°36'39.7", -11.42, 73.44%, 0.002654, +117°49'01.4"
2018-03-07 02:02:00, 2458184.70972,   15h22m40.6s, -12°42'20.7", -11.36, 70.93%, 0.002611, +114°36'16.5"
2018-03-07 08:02:00, 2458184.95972,   15h30m24.0s, -13°36'19.2", -11.43, 69.51%, 0.002604, +112°49'47.4"
2018-03-07 14:02:00, 2458185.20972,   15h41m12.1s, -14°06'52.2", -10.85, 67.55%, 0.002660, +110°24'21.3"
2018-03-07 20:02:00, 2458185.45972,   15h57m57.2s, -14°43'45.8", -11.17, 64.37%, 0.002686, +106°33'10.4"
2018-03-08 02:02:00, 2458185.70972,   16h12m23.9s, -15°40'50.8", -10.99, 61.55%, 0.002646, +103°12'32.8"
2018-03-08 08:02:00, 2458185.95972,   16h20m32.1s, -16°28'14.2", -11.16, 60.02%, 0.002628, +101°24'24.2"
2018-03-08 14:02:00, 2458186.20972,   16h30m31.0s, -16°46'15.2", -7.95, 58.16%, 0.002678, +99°14'39.4"
2018-03-08 20:02:00, 2458186.45972,   16h46m55.4s, -17°07'11.9", -10.89, 54.98%, 0.002711, +95°33'19.1"
2018-03-09 02:02:00, 2458186.70972,   17h02m15.5s, -17°52'29.7", -10.44, 51.96%, 0.002675, +92°05'26.5"
2018-03-09 08:02:00, 2458186.95972,   17h11m00.9s, -18°32'17.8", -10.85, 50.32%, 0.002647, +90°12'38.0"
2018-03-09 14:02:00, 2458187.20972,   17h20m16.8s, -18°38'40.1", -9.74, 48.62%, 0.002689, +88°15'37.3"
2018-03-09 20:02:00, 2458187.45972,   17h36m11.5s, -18°42'47.1", -10.55, 45.55%, 0.002727, +84°44'30.7"
2018-03-10 02:02:00, 2458187.70972,   17h52m18.6s, -19°13'34.7", -8.86, 42.45%, 0.002697, +81°09'59.0"
2018-03-10 08:02:00, 2458187.95972,   18h01m50.5s, -19°44'24.0", -10.48, 40.73%, 0.002659, +79°09'45.6"
2018-03-10 14:02:00, 2458188.20972,   18h10m30.0s, -19°40'11.6", -10.07, 39.20%, 0.002691, +77°22'19.8"
2018-03-10 20:02:00, 2458188.45972,   18h25m44.6s, -19°27'37.9", -10.16, 36.37%, 0.002734, +74°01'33.2"
2018-03-11 02:02:00, 2458188.70972,   18h42m28.0s, -19°41'55.2", -8.04, 33.31%, 0.002709, +70°21'01.7"
2018-03-11 08:02:00, 2458188.95972,   18h52m51.9s, -20°02'06.4", -10.04, 31.53%, 0.002665, +68°10'56.0"
2018-03-11 14:02:00, 2458189.20972,   19h01m02.1s, -19°48'19.6", -9.80, 30.17%, 0.002685, +66°29'49.9"
2018-03-11 20:02:00, 2458189.45972,   19h15m26.4s, -19°20'11.3", -9.68, 27.66%, 0.002731, +63°19'20.4"
2018-03-12 02:02:00, 2458189.70972,   19h32m32.5s, -19°16'55.2", -9.12, 24.77%, 0.002714, +59°33'37.9"
2018-03-12 08:02:00, 2458189.95972,   19h43m50.4s, -19°24'47.0", -9.51, 23.00%, 0.002663, +57°11'33.4"
2018-03-12 14:02:00, 2458190.20972,   19h51m39.5s, -19°02'13.2", -9.35, 21.81%, 0.002672, +55°33'28.5"
2018-03-12 20:02:00, 2458190.45972,   20h05m05.3s, -18°20'25.2", -9.10, 19.68%, 0.002719, +52°33'08.8"
2018-03-13 02:02:00, 2458190.70972,   20h22m19.2s, -17°59'39.9", -8.77, 17.09%, 0.002710, +48°43'21.3"
2018-03-13 08:02:00, 2458190.95972,   20h34m30.2s, -17°53'47.4", -8.83, 15.42%, 0.002656, +46°07'38.3"
2018-03-13 14:02:00, 2458191.20972,   20h42m07.7s, -17°22'55.8", -8.72, 14.40%, 0.002653, +44°29'14.7"
2018-03-13 20:02:00, 2458191.45972,   20h54m30.3s, -16°29'59.3", -8.33, 12.70%, 0.002700, +41°38'54.2"
2018-03-14 02:02:00, 2458191.70972,   21h11m37.9s, -15°53'01.5", -8.08, 10.53%, 0.002700, +37°46'34.4"
2018-03-14 08:02:00, 2458191.95972,   21h24m39.4s, -15°32'34.7", -7.93, 9.05%, 0.002644, +34°56'12.5"
2018-03-14 14:02:00, 2458192.20972,   21h32m16.1s, -14°53'37.1", -7.84, 8.22%, 0.002630, +33°14'11.5"
2018-03-14 20:02:00, 2458192.45972,   21h43m35.2s, -13°52'23.5", -7.25, 6.98%, 0.002676, +30°33'35.4"
2018-03-15 02:02:00, 2458192.70972,   22h00m25.2s, -13°01'40.1", -7.04, 5.35%, 0.002684, +26°40'59.4"
2018-03-15 08:02:00, 2458192.95972,   22h14m14.3s, -12°26'41.0", -6.61, 4.20%, 0.002629, +23°36'10.9"
2018-03-15 14:02:00, 2458193.20972,   22h22m02.0s, -11°39'38.5", -6.52, 3.59%, 0.002604, +21°47'25.5"
2018-03-15 20:02:00, 2458193.45972,   22h32m21.8s, -10°33'02.7", -5.47, 2.82%, 0.002647, +19°16'16.6"
2018-03-16 02:02:00, 2458193.70972,   22h48m46.3s, -9°32'01.5", -5.32, 1.82%, 0.002665, +15°27'40.9"
2018-03-16 08:02:00, 2458193.95972,   23h03m20.9s, -8°43'37.0", -4.30, 1.14%, 0.002613, +12°13'03.2"
2018-03-16 14:02:00, 2458194.20972,   23h11m32.3s, -7°48'32.6", -4.11, 0.81%, 0.002578, +10°16'26.6"
2018-03-16 20:02:00, 2458194.45972,   23h21m00.9s, -6°39'17.8", -0.67, 0.48%, 0.002616, +7°56'55.2"
2018-03-17 02:02:00, 2458194.70972,   23h36m55.5s, -5°32'12.6", -1.49, 0.17%, 0.002642, +4°42'37.2"
2018-03-17 08:02:00, 2458194.95972,   23h52m15.1s, -4°32'42.9", 1.08, 0.09%, 0.002597, +3°24'09.5"
2018-03-17 14:02:00, 2458195.20972,    0h01m03.9s, -3°29'58.6", -0.97, 0.12%, 0.002553, +3°53'50.6"
2018-03-17 20:02:00, 2458195.45972,    0h09m52.5s, -2°20'25.4", -0.16, 0.22%, 0.002585, +5°18'14.2"
2018-03-18 02:02:00, 2458195.70972,    0h25m15.7s, -1°11'57.5", -3.55, 0.59%, 0.002619, +8°47'28.5"
2018-03-18 08:02:00, 2458195.95972,    0h41m20.8s, -0°04'57.4", -3.52, 1.21%, 0.002581, +12°36'50.2"
